uncorrected m/z	corrected m/z	intensity	percentage	primary identification	other identifications
110.06907	110.06872	1831.1	10.7%
110.07166	110.07131	42587.1	77.7%	[110.07127, 2.43e-05, 'IH']
111.06867	111.06832	842.8	4.7%
111.07497	111.07462	4850.1	21.1%	[111.07467, -6.294e-05, 'IH+i']
112.08727	112.08692	8949.1	29.6%	[112.08692, -1.012e-05, 'IR-NH3']
113.06007	113.05973	1043.0	3.0%	[113.05971, 2.6e-06, 'IK+CO+H2O-NH3-NH3']
113.07128	113.07094	3761.0	17.8%	[113.07094, -1.737e-05, 'a(AS)-H2O']	[113.07094, -1.737e-05, 'a(GT)-H2O']
114.10292	114.10258	1072.0	5.6%	[114.10257, -4.45e-06, 'C5H12N3']
115.05054	115.0502	869.4	5.0%	[115.0502, -1.175e-05, 'b(N)']	[115.0502, -1.175e-05, 'b(GG)']	[115.0502, -1.175e-05, 'y(N)-H2O']	[115.0502, -1.175e-05, 'y(GG)-H2O']
115.08693	115.08659	11586.2	45.4%	[115.08659, -1.164e-05, 'a(AA)']
116.01679	116.01645	1838.9	9.1%	[116.01646, -1.897e-05, 'IC[Carbamidomethyl]-NH3']	[116.01646, -1.897e-05, 'a(CG)-NH3']
116.07096	116.07062	9401.6	33.7%	[116.0706, 1.118e-05, 'y(P)']	[116.0706, 1.118e-05, 'IR+H2O+H2O-N3H7']
117.09136	117.09102	1226.8	3.0%
119.04945	119.04911	2004.1	10.4%	[119.04914, -3.016e-05, 'IY-NH3']
120.08113	120.08079	34365.6	71.5%	[120.08078, 1.287e-05, 'IF']
121.02871	121.02838	1015.3	3.0%	[121.02841, -3.434e-05, 'C7H5O2']
121.08445	121.08412	4744.5	21.1%	[121.08418, -6.418e-05, 'IF+i']
124.08098	124.08065	1733.1	3.5%
125.07129	125.07096	942.5	6.0%	[125.07094, 2.767e-05, 'b(AA)-H2O']
126.05527	126.05494	5910.4	22.4%	[126.05495, 6.1e-07, 'b(AA)-NH3']	[126.05495, 6.1e-07, 'y(AA)-H2O-NH3']	[126.05495, 6.1e-07, 'a(ST)-H2O-NH3']
126.12488	126.12455	2779.1	13.1%
126.12809	126.12776	89101.1	91.9%	[126.12773, 4.083e-05, 'TMT126']
127.05053	127.05021	994.2	6.4%	[127.0502, 1.359e-05, 'a(DG)-H2O']	[127.0502, 1.359e-05, 'a(GN)-NH3']	[127.0502, 1.359e-05, 'b(GS)-H2O']	[127.0502, 1.359e-05, 'a(GGG)-NH3']
127.08692	127.0866	3620.7	18.6%	[127.08659, 1.369e-05, 'a(GP)']	[127.08659, 1.369e-05, 'a(AT)-H2O']
127.12179	127.12147	4983.2	20.0%
127.12519	127.12487	62818.1	91.4%	[127.12476, 0.00011381, 'TMT127N']
127.13136	127.13104	70941.1	92.5%	[127.13108, -3.617e-05, 'TMT127C']
128.12484	128.12452	2587.2	9.8%
128.12854	128.12822	62037.9	91.3%	[128.12812, 0.00010681, 'TMT128N']
128.1347	128.13438	60685.6	91.0%	[128.13444, -5.317e-05, 'TMT128C']
129.06617	129.06585	5358.6	31.2%	[129.06585, 9.61e-06, 'IQ+CO']	[129.06585, 9.61e-06, 'b(Q)']	[129.06585, 9.61e-06, 'b(AG)']	[129.06585, 9.61e-06, 'y(Q)-H2O']	[129.06585, 9.61e-06, 'y(AG)-H2O']	[129.06585, 9.61e-06, 'a(SS)-H2O']
129.10257	129.10225	2612.3	14.9%	[129.10224, 1.972e-05, 'IK+CO']	[129.10224, 1.972e-05, 'b(K)']	[129.10224, 1.972e-05, 'a(GV)']	[129.10224, 1.972e-05, 'IK+CO+H2O-H2O']	[129.10224, 1.972e-05, 'y(K)-H2O']
129.12824	129.12792	4874.4	14.0%
129.1319	129.13158	71794.1	91.8%	[129.13147, 0.00011981, 'TMT129N']
129.13803	129.13771	63380.7	91.5%	[129.13779, -7.017e-05, 'TMT129C']
130.05019	130.04987	2494.6	14.5%	[130.04987, 1.255e-05, 'b(E)']	[130.04987, 1.255e-05, 'y(E)-H2O']	[130.04987, 1.255e-05, 'y(Q)-NH3']	[130.04987, 1.255e-05, 'y(AG)-NH3']	[130.04987, 1.255e-05, 'a(SS)-NH3']
130.06546	130.06514	4993.8	21.2%	[130.06513, 2.26e-05, 'IW-CH3N']	[130.06513, 2.26e-05, 'b(F)-H2O']
130.08658	130.08626	786.4	5.0%	[130.08626, 1.266e-05, 'IK+CO+H2O-NH3']	[130.08626, 1.266e-05, 'y(K)-NH3']
130.09783	130.09751	3739.1	16.5%	[130.09749, 3.27e-05, 'C5H12N3O']
130.13177	130.13145	2310.6	11.1%
130.13525	130.13493	60182.4	91.1%	[130.13483, 0.00011281, 'TMT130N']
130.14139	130.14107	73030.1	91.2%	[130.14114, -5.717e-05, 'TMT130C']
130.14528	130.14496	833.4	4.1%
131.07059	131.07028	1459.8	3.2%	[131.07027, 1.56e-05, 'C6H11O3']
131.08181	131.0815	995.0	5.4%	[131.0815, 5.63e-06, 'a(AS)']	[131.0815, 5.63e-06, 'a(GT)']
131.08579	131.08548	1448.1	6.6%
131.11818	131.11787	904.4	5.0%	[131.11789, -1.426e-05, 'C6H15N2O']
131.13522	131.13491	937.4	6.4%
131.13851	131.1382	97105.8	92.3%	[131.13818, 2.58e-05, 'TMT131N']
131.14447	131.14416	4249.8	29.9%	[131.1445, -0.00033418, 'TMT131C']
132.06991	132.0696	1930.6	9.9%
132.08108	132.08077	1724.7	7.2%	[132.08078, -1.39e-06, 'IW-CHN']	[132.08078, -1.39e-06, 'a(PP)-H2O-NH3']
132.14178	132.14147	6179.3	34.4%	[132.14154, -6.121e-05, 'TMT132N']
133.04331	133.043	8695.7	32.9%	[133.04301, 1.47e-06, 'IC[Carbamidomethyl]']	[133.04301, 1.47e-06, 'a(CG)']
133.08622	133.08591	4949.2	8.2%	[133.08592, 1.6e-06, 'C6H13O3']
133.09747	133.09716	1129.0	6.2%
134.07663	134.07632	1646.1	9.4%
134.08956	134.08925	929.2	2.4%
136.07598	136.07568	34158.3	71.2%	[136.07569, 4.4e-07, 'IY']	[136.07569, 4.4e-07, 'b(AV)-H2O-NH3']	[136.07569, 4.4e-07, 'b(GI)-H2O-NH3']	[136.07569, 4.4e-07, 'b(GL)-H2O-NH3']	[136.07569, 4.4e-07, 'a(PT)-H2O-NH3']
137.0793	137.079	2968.1	13.5%	[137.07909, -7.662e-05, 'IY+i']
138.05521	138.05491	8736.7	26.9%	[138.05495, -2.377e-05, 'a(AE)-H2O-NH3']	[138.05495, -2.377e-05, 'b(AT)-H2O-NH3']	[138.05495, -2.377e-05, 'b(GP)-NH3']	[138.05495, -2.377e-05, 'y(GP)-H2O-NH3']
139.05854	139.05825	1381.4	4.0%	[139.05876, -0.00050085, 'C2H9N3O4']
140.08213	140.08184	1682.1	7.9%	[140.08184, 1.211e-05, 'IK+CO+H2ON2-H2O-NH3']	[140.08184, 1.211e-05, 'IR+CO+H2O-H2O-NH3']	[140.08184, 1.211e-05, 'b(R)-NH3']	[140.08184, 1.211e-05, 'y(R)-H2O-NH3']	[140.08184, 1.211e-05, 'a(AN)-H2O']	[140.08184, 1.211e-05, 'a(GQ)-H2O']	[140.08184, 1.211e-05, 'a(AGG)-H2O']
141.06612	141.06583	2518.5	16.2%	[141.06585, -5.06e-06, 'a(AD)-H2O']	[141.06585, -5.06e-06, 'a(AN)-NH3']	[141.06585, -5.06e-06, 'b(AS)-H2O']	[141.06585, -5.06e-06, 'a(EG)-H2O']	[141.06585, -5.06e-06, 'a(GQ)-NH3']	[141.06585, -5.06e-06, 'b(GT)-H2O']	[141.06585, -5.06e-06, 'a(AGG)-NH3']
141.10248	141.10219	4611.6	26.7%	[141.10224, -3.496e-05, 'a(AP)']	[141.10224, -3.496e-05, 'a(GK)-NH3']	[141.10224, -3.496e-05, 'a(SV)-H2O']
143.08177	143.08149	1765.8	10.1%	[143.0815, 6.7e-07, 'b(AA)']	[143.0815, 6.7e-07, 'y(AA)-H2O']	[143.0815, 6.7e-07, 'a(ST)-H2O']
143.11815	143.11787	3805.0	20.1%	[143.11789, -9.23e-06, 'a(AV)']	[143.11789, -9.23e-06, 'a(GI)']	[143.11789, -9.23e-06, 'a(GL)']
144.06578	144.0655	2073.7	7.2%	[144.06552, -6.56e-06, 'y(AA)-NH3']	[144.06552, -6.56e-06, 'a(ST)-NH3']
145.06103	145.06076	877.8	5.8%	[145.06077, -3.78e-06, 'a(DG)']	[145.06077, -3.78e-06, 'b(GS)']	[145.06077, -3.78e-06, 'y(GS)-H2O']
146.09402	146.09375	867.1	2.4%
153.0661	153.06585	1379.6	9.5%	[153.06585, 7.6e-06, 'a(NT)-H2O-NH3']	[153.06585, 7.6e-06, 'a(QS)-H2O-NH3']	[153.06585, 7.6e-06, 'a(AGS)-H2O-NH3']	[153.06585, 7.6e-06, 'a(GGT)-H2O-NH3']
153.10248	153.10223	982.9	5.8%	[153.10224, -2.31e-06, 'b(AV)-H2O']	[153.10224, -2.31e-06, 'b(GI)-H2O']	[153.10224, -2.31e-06, 'b(GL)-H2O']	[153.10224, -2.31e-06, 'a(KS)-H2O-NH3']	[153.10224, -2.31e-06, 'a(PT)-H2O']
155.08173	155.08149	7151.4	35.8%	[155.0815, -7.33e-06, 'b(GP)']	[155.0815, -7.33e-06, 'a(AE)-H2O']	[155.0815, -7.33e-06, 'a(AQ)-NH3']	[155.0815, -7.33e-06, 'b(AT)-H2O']	[155.0815, -7.33e-06, 'y(GP)-H2O']	[155.0815, -7.33e-06, 'a(AAG)-NH3']
155.09298	155.09274	1200.5	6.0%	[155.09274, 2.69e-06, 'C6H11N4O']
155.11812	155.11788	2316.9	18.0%	[155.11789, -7.24e-06, 'a(AK)-NH3']	[155.11789, -7.24e-06, 'a(IS)-H2O']	[155.11789, -7.24e-06, 'a(LS)-H2O']	[155.11789, -7.24e-06, 'a(TV)-H2O']
155.12622	155.12598	4024.6	26.6%
156.077	156.07676	2210.0	11.1%	[156.07675, 1.512e-05, 'IH+CO+H2O']	[156.07675, 1.512e-05, 'y(H)']	[156.07675, 1.512e-05, 'a(NS)-H2O']	[156.07675, 1.512e-05, 'a(GGS)-H2O']
156.1134	156.11316	1266.3	4.3%	[156.11314, 2.52e-05, 'C7H14N3O']
156.12323	156.12299	2304.7	20.4%
157.06099	157.06075	1338.8	8.9%	[157.06077, -1.25e-05, 'a(DS)-H2O']	[157.06077, -1.25e-05, 'a(NS)-NH3']	[157.06077, -1.25e-05, 'b(SS)-H2O']	[157.06077, -1.25e-05, 'a(GGS)-NH3']
157.09736	157.09712	3366.0	18.8%	[157.09715, -2.241e-05, 'b(GV)']	[157.09715, -2.241e-05, 'a(PS)']	[157.09715, -2.241e-05, 'y(GV)-H2O']	[157.09715, -2.241e-05, 'a(TT)-H2O']
157.10863	157.10839	4010.3	19.0%	[157.10839, 7.62e-06, 'b(R)']	[157.10839, 7.62e-06, 'IK+CO+H2ON2-H2O']	[157.10839, 7.62e-06, 'IR+CO+H2O-H2O']	[157.10839, 7.62e-06, 'y(R)-H2O']
157.1336	157.13336	1909.7	25.5%	[157.13354, -0.00017232, 'a(AI)']	[157.13354, -0.00017232, 'a(AL)']
158.09265	158.09242	15840.4	46.3%	[158.0924, 1.996e-05, 'a(AN)']	[158.0924, 1.996e-05, 'a(GQ)']	[158.0924, 1.996e-05, 'a(AGG)']	[158.0924, 1.996e-05, 'IK+CO+H2ON2-NH3']	[158.0924, 1.996e-05, 'IR+CO+H2O-NH3']	[158.0924, 1.996e-05, 'y(R)-NH3']
158.12998	158.12975	929.0	13.3%
158.13627	158.13604	3783.7	29.2%
159.07663	159.0764	2599.2	17.4%	[159.07642, -1.773e-05, 'a(AD)']	[159.07642, -1.773e-05, 'b(AS)']	[159.07642, -1.773e-05, 'a(EG)']	[159.07642, -1.773e-05, 'b(GT)']	[159.07642, -1.773e-05, 'y(AS)-H2O']	[159.07642, -1.773e-05, 'y(GT)-H2O']
159.09189	159.09166	12773.0	38.9%	[159.09167, -7.69e-06, 'IW']	[159.09167, -7.69e-06, 'a(FG)-H2O']
159.11302	159.11279	945.1	4.5%	[159.1128, -7.64e-06, 'a(SV)']
159.13332	159.13309	4224.5	30.3%
160.09522	160.09499	1185.5	6.0%	[160.09507, -7.537e-05, 'IW+i']
165.10244	165.10223	997.9	6.3%	[165.10224, -1.446e-05, 'b(AK)-H2O-NH3']	[165.10224, -1.446e-05, 'a(IN)-H2O-NH3']	[165.10224, -1.446e-05, 'a(LN)-H2O-NH3']	[165.10224, -1.446e-05, 'a(QV)-H2O-NH3']	[165.10224, -1.446e-05, 'a(AGV)-H2O-NH3']	[165.10224, -1.446e-05, 'a(GGI)-H2O-NH3']	[165.10224, -1.446e-05, 'a(GGL)-H2O-NH3']
166.06131	166.0611	2560.1	14.0%	[166.0611, -2.5e-06, 'a(NN)-H2O-NH3']	[166.0611, -2.5e-06, 'a(GGN)-H2O-NH3']
166.08646	166.08625	950.5	4.8%	[166.08626, -1.245e-05, 'y(F)']	[166.08626, -1.245e-05, 'a(DI)-H2O-NH3']	[166.08626, -1.245e-05, 'a(DL)-H2O-NH3']	[166.08626, -1.245e-05, 'a(EV)-H2O-NH3']	[166.08626, -1.245e-05, 'b(IS)-H2O-NH3']	[166.08626, -1.245e-05, 'b(LS)-H2O-NH3']	[166.08626, -1.245e-05, 'b(TV)-H2O-NH3']
167.03406	167.03385	829.1	2.3%	[167.03389, -4.055e-05, 'C8H7O4']
167.08167	167.08146	6001.5	33.6%	[167.0815, -4.046e-05, 'a(DP)-H2O']	[167.0815, -4.046e-05, 'a(NP)-NH3']	[167.0815, -4.046e-05, 'b(PS)-H2O']	[167.0815, -4.046e-05, 'a(QT)-H2O-NH3']	[167.0815, -4.046e-05, 'a(AAS)-H2O-NH3']	[167.0815, -4.046e-05, 'a(AGT)-H2O-NH3']	[167.0815, -4.046e-05, 'a(GGP)-NH3']
167.09292	167.09271	1471.2	7.9%	[167.09274, -3.044e-05, 'a(GH)']
167.11806	167.11785	932.7	6.7%	[167.11789, -4.039e-05, 'a(PP)']	[167.11789, -4.039e-05, 'b(AI)-H2O']	[167.11789, -4.039e-05, 'b(AL)-H2O']	[167.11789, -4.039e-05, 'a(KT)-H2O-NH3']
168.06568	168.06548	3445.2	11.4%	[168.06552, -4.854e-05, 'a(DP)-NH3']	[168.06552, -4.854e-05, 'a(ET)-H2O-NH3']	[168.06552, -4.854e-05, 'b(PS)-NH3']	[168.06552, -4.854e-05, 'y(PS)-H2O-NH3']	[168.06552, -4.854e-05, 'b(TT)-H2O-NH3']
169.06097	169.06077	1343.8	9.2%	[169.06077, -6.64e-06, 'b(AD)-H2O']	[169.06077, -6.64e-06, 'b(AN)-NH3']	[169.06077, -6.64e-06, 'y(AN)-H2O-NH3']	[169.06077, -6.64e-06, 'b(EG)-H2O']	[169.06077, -6.64e-06, 'b(GQ)-NH3']	[169.06077, -6.64e-06, 'y(GQ)-H2O-NH3']	[169.06077, -6.64e-06, 'b(AGG)-NH3']	[169.06077, -6.64e-06, 'y(AGG)-H2O-NH3']	[169.06077, -6.64e-06, 'a(GSS)-H2O-NH3']
169.09732	169.09712	5266.7	27.7%	[169.09715, -3.658e-05, 'b(AP)']	[169.09715, -3.658e-05, 'y(AP)-H2O']	[169.09715, -3.658e-05, 'a(DV)-H2O']	[169.09715, -3.658e-05, 'b(GK)-NH3']	[169.09715, -3.658e-05, 'y(GK)-H2O-NH3']	[169.09715, -3.658e-05, 'a(NV)-NH3']	[169.09715, -3.658e-05, 'b(SV)-H2O']	[169.09715, -3.658e-05, 'a(AAA)-NH3']	[169.09715, -3.658e-05, 'a(GGV)-NH3']
169.13373	169.13353	5664.9	27.3%	[169.13354, -1.651e-05, 'a(PV)']	[169.13354, -1.651e-05, 'a(IT)-H2O']	[169.13354, -1.651e-05, 'a(LT)-H2O']
170.06025	170.06005	1241.7	6.0%	[170.06004, 5.21e-06, 'IW+CO-NH3']	[170.06004, 5.21e-06, 'b(W)-NH3']	[170.06004, 5.21e-06, 'y(W)-H2O-NH3']	[170.06004, 5.21e-06, 'b(FG)-H2O-NH3']
170.12095	170.12075	1030.2	3.4%
171.0766	171.0764	3783.0	22.0%	[171.07642, -2.296e-05, 'a(DT)-H2O']	[171.07642, -2.296e-05, 'a(ES)-H2O']	[171.07642, -2.296e-05, 'a(NT)-NH3']	[171.07642, -2.296e-05, 'a(QS)-NH3']	[171.07642, -2.296e-05, 'b(ST)-H2O']	[171.07642, -2.296e-05, 'a(AGS)-NH3']	[171.07642, -2.296e-05, 'a(GGT)-NH3']
171.11298	171.11278	3780.7	23.1%	[171.1128, -2.29e-05, 'b(AV)']	[171.1128, -2.29e-05, 'b(GI)']	[171.1128, -2.29e-05, 'b(GL)']	[171.1128, -2.29e-05, 'a(PT)']	[171.1128, -2.29e-05, 'y(AV)-H2O']	[171.1128, -2.29e-05, 'y(GI)-H2O']	[171.1128, -2.29e-05, 'y(GL)-H2O']	[171.1128, -2.29e-05, 'a(KS)-NH3']
172.07184	172.07165	1225.5	7.1%	[172.07167, -3.122e-05, 'b(GN)']	[172.07167, -3.122e-05, 'b(GGG)']	[172.07167, -3.122e-05, 'y(GN)-H2O']	[172.07167, -3.122e-05, 'y(GGG)-H2O']
172.10824	172.10805	1488.7	9.2%	[172.10805, -1.116e-05, 'a(AQ)']	[172.10805, -1.116e-05, 'a(AAG)']
173.09225	173.09206	2532.4	14.8%	[173.09207, -1.949e-05, 'a(AE)']	[173.09207, -1.949e-05, 'b(AT)']	[173.09207, -1.949e-05, 'y(GP)']	[173.09207, -1.949e-05, 'y(AT)-H2O']
173.12862	173.12843	3929.5	21.3%	[173.12845, -2.943e-05, 'a(IS)']	[173.12845, -2.943e-05, 'a(LS)']	[173.12845, -2.943e-05, 'a(TV)']
173.14976	173.14957	19104.5	73.4%
175.11915	175.11896	32337.6	74.1%	[175.11895, 3.79e-06, 'IK+CO+H2ON2']	[175.11895, 3.79e-06, 'IR+CO+H2O']	[175.11895, 3.79e-06, 'y(R)']
175.15647	175.15628	9671.6	52.9%
176.12249	176.12231	2647.5	16.9%	[176.12235, -5.467e-05, 'y(R)+i']
176.15983	176.15965	20392.8	73.5%
177.11231	177.11213	2208.2	5.4%	[177.11214, -2.321e-05, 'C8H17O4']
178.27981	178.27963	921.9	20.8%
181.06094	181.06077	2078.9	15.4%	[181.06077, -1.793e-05, 'a(DQ)-H2O-NH3']	[181.06077, -1.793e-05, 'a(EN)-H2O-NH3']	[181.06077, -1.793e-05, 'b(NT)-H2O-NH3']	[181.06077, -1.793e-05, 'b(QS)-H2O-NH3']	[181.06077, -1.793e-05, 'a(ADG)-H2O-NH3']	[181.06077, -1.793e-05, 'b(AGS)-H2O-NH3']	[181.06077, -1.793e-05, 'a(EGG)-H2O-NH3']	[181.06077, -1.793e-05, 'b(GGT)-H2O-NH3']
181.09732	181.09715	3159.9	21.9%	[181.09715, -1.789e-05, 'a(DK)-H2O-NH3']	[181.09715, -1.789e-05, 'a(EP)-H2O']	[181.09715, -1.789e-05, 'b(KS)-H2O-NH3']	[181.09715, -1.789e-05, 'a(PQ)-NH3']	[181.09715, -1.789e-05, 'b(PT)-H2O']	[181.09715, -1.789e-05, 'a(AAT)-H2O-NH3']	[181.09715, -1.789e-05, 'a(AGP)-NH3']	[181.09715, -1.789e-05, 'a(GSV)-H2O-NH3']
181.10858	181.10841	1207.0	6.4%	[181.10839, 2.12e-06, 'a(AH)']	[181.10839, 2.12e-06, 'a(RS)-H2O-NH3']
183.07659	183.07642	1127.7	8.6%	[183.07642, -1.56e-05, 'b(AE)-H2O']	[183.07642, -1.56e-05, 'b(AQ)-NH3']	[183.07642, -1.56e-05, 'y(AQ)-H2O-NH3']	[183.07642, -1.56e-05, 'a(ASS)-H2O-NH3']	[183.07642, -1.56e-05, 'b(AAG)-NH3']	[183.07642, -1.56e-05, 'y(AAG)-H2O-NH3']	[183.07642, -1.56e-05, 'a(GST)-H2O-NH3']
183.11295	183.11278	5135.0	34.6%	[183.1128, -3.556e-05, 'b(AK)-NH3']	[183.1128, -3.556e-05, 'y(AK)-H2O-NH3']	[183.1128, -3.556e-05, 'a(DI)-H2O']	[183.1128, -3.556e-05, 'a(DL)-H2O']	[183.1128, -3.556e-05, 'a(EV)-H2O']	[183.1128, -3.556e-05, 'a(IN)-NH3']	[183.1128, -3.556e-05, 'b(IS)-H2O']	[183.1128, -3.556e-05, 'a(LN)-NH3']	[183.1128, -3.556e-05, 'b(LS)-H2O']	[183.1128, -3.556e-05, 'a(QV)-NH3']	[183.1128, -3.556e-05, 'b(TV)-H2O']	[183.1128, -3.556e-05, 'a(AGV)-NH3']	[183.1128, -3.556e-05, 'a(GGI)-NH3']	[183.1128, -3.556e-05, 'a(GGL)-NH3']
183.14935	183.14918	6332.8	31.1%	[183.14919, -2.552e-05, 'a(IP)']	[183.14919, -2.552e-05, 'a(LP)']	[183.14919, -2.552e-05, 'a(KV)-NH3']
184.07184	184.07167	822.6	6.4%	[184.07167, -1.453e-05, 'a(DN)-H2O']	[184.07167, -1.453e-05, 'a(NN)-NH3']	[184.07167, -1.453e-05, 'b(NS)-H2O']	[184.07167, -1.453e-05, 'a(DGG)-H2O']	[184.07167, -1.453e-05, 'a(GGN)-NH3']	[184.07167, -1.453e-05, 'b(GGS)-H2O']
184.10822	184.10805	1231.7	8.6%	[184.10805, -1.449e-05, 'a(NP)']	[184.10805, -1.449e-05, 'a(GGP)']	[184.10805, -1.449e-05, 'a(QT)-H2O']	[184.10805, -1.449e-05, 'a(AAS)-H2O']	[184.10805, -1.449e-05, 'a(AGT)-H2O']
185.05584	185.05567	1025.7	7.3%	[185.05568, -2.354e-05, 'a(DD)-H2O']	[185.05568, -2.354e-05, 'a(DN)-NH3']	[185.05568, -2.354e-05, 'b(DS)-H2O']	[185.05568, -2.354e-05, 'b(NS)-NH3']	[185.05568, -2.354e-05, 'y(NS)-H2O-NH3']	[185.05568, -2.354e-05, 'a(DGG)-NH3']	[185.05568, -2.354e-05, 'b(GGS)-NH3']	[185.05568, -2.354e-05, 'y(GGS)-H2O-NH3']
185.0922	185.09203	5773.1	35.5%	[185.09207, -5.351e-05, 'a(DP)']	[185.09207, -5.351e-05, 'b(PS)']	[185.09207, -5.351e-05, 'a(ET)-H2O']	[185.09207, -5.351e-05, 'y(PS)-H2O']	[185.09207, -5.351e-05, 'a(QT)-NH3']	[185.09207, -5.351e-05, 'b(TT)-H2O']	[185.09207, -5.351e-05, 'a(AAS)-NH3']	[185.09207, -5.351e-05, 'a(AGT)-NH3']
185.1286	185.12843	2019.6	13.6%	[185.12845, -3.347e-05, 'b(AI)']	[185.12845, -3.347e-05, 'b(AL)']	[185.12845, -3.347e-05, 'y(AI)-H2O']	[185.12845, -3.347e-05, 'y(AL)-H2O']	[185.12845, -3.347e-05, 'a(KT)-NH3']
185.16499	185.16482	2148.2	11.5%	[185.16484, -3.343e-05, 'a(IV)']	[185.16484, -3.343e-05, 'a(LV)']
186.0762	186.07603	2849.9	7.8%	[186.07608, -6.258e-05, 'a(ET)-NH3']	[186.07608, -6.258e-05, 'y(PS)-NH3']	[186.07608, -6.258e-05, 'b(TT)-NH3']	[186.07608, -6.258e-05, 'y(TT)-H2O-NH3']
186.08743	186.08726	2265.2	15.5%	[186.08732, -7.257e-05, 'b(AN)']	[186.08732, -7.257e-05, 'b(GQ)']	[186.08732, -7.257e-05, 'b(AGG)']	[186.08732, -7.257e-05, 'y(AN)-H2O']	[186.08732, -7.257e-05, 'y(GQ)-H2O']	[186.08732, -7.257e-05, 'y(AGG)-H2O']	[186.08732, -7.257e-05, 'a(GSS)-H2O']
186.12387	186.1237	1066.7	7.0%	[186.1237, -1.253e-05, 'b(GK)']	[186.1237, -1.253e-05, 'a(NV)']	[186.1237, -1.253e-05, 'a(AAA)']	[186.1237, -1.253e-05, 'a(GGV)']	[186.1237, -1.253e-05, 'y(GK)-H2O']
186.1531	186.15293	15551.6	68.1%
187.07148	187.07131	2156.7	13.8%	[187.07133, -3.17e-05, 'b(AD)']	[187.07133, -3.17e-05, 'b(EG)']	[187.07133, -3.17e-05, 'y(AD)-H2O']	[187.07133, -3.17e-05, 'y(AN)-NH3']	[187.07133, -3.17e-05, 'y(EG)-H2O']	[187.07133, -3.17e-05, 'y(GQ)-NH3']	[187.07133, -3.17e-05, 'y(AGG)-NH3']	[187.07133, -3.17e-05, 'a(GSS)-NH3']
187.08674	187.08657	884.4	5.2%	[187.08659, -3.169e-05, 'IW+CO']	[187.08659, -3.169e-05, 'b(W)']	[187.08659, -3.169e-05, 'y(W)-H2O']	[187.08659, -3.169e-05, 'b(FG)-H2O']
187.10786	187.10769	1935.0	11.8%	[187.10772, -4.167e-05, 'y(AP)']	[187.10772, -4.167e-05, 'a(DV)']	[187.10772, -4.167e-05, 'b(SV)']	[187.10772, -4.167e-05, 'y(GK)-NH3']	[187.10772, -4.167e-05, 'y(SV)-H2O']
187.14426	187.14409	2236.3	11.3%	[187.1441, -2.164e-05, 'a(IT)']	[187.1441, -2.164e-05, 'a(LT)']
188.15982	188.15965	22721.7	76.1%
189.08713	189.08696	1002.2	6.8%	[189.08698, -3.011e-05, 'a(DT)']	[189.08698, -3.011e-05, 'a(ES)']	[189.08698, -3.011e-05, 'b(ST)']	[189.08698, -3.011e-05, 'y(ST)-H2O']
191.11806	191.11789	869.7	4.6%	[191.11789, -8.78e-06, 'a(AF)']	[191.11789, -8.78e-06, 'b(KP)-H2O-NH3']	[191.11789, -8.78e-06, 'a(GPV)-H2O-NH3']
195.07658	195.07641	2650.3	19.9%	[195.07642, -1.698e-05, 'b(DP)-H2O']	[195.07642, -1.698e-05, 'a(EQ)-H2O-NH3']	[195.07642, -1.698e-05, 'b(NP)-NH3']	[195.07642, -1.698e-05, 'y(NP)-H2O-NH3']	[195.07642, -1.698e-05, 'b(QT)-H2O-NH3']	[195.07642, -1.698e-05, 'a(AAD)-H2O-NH3']	[195.07642, -1.698e-05, 'a(AEG)-H2O-NH3']	[195.07642, -1.698e-05, 'b(AAS)-H2O-NH3']	[195.07642, -1.698e-05, 'b(AGT)-H2O-NH3']	[195.07642, -1.698e-05, 'b(GGP)-NH3']	[195.07642, -1.698e-05, 'y(GGP)-H2O-NH3']
195.08778	195.08761	1814.1	10.4%	[195.08765, -4.698e-05, 'b(GH)']	[195.08765, -4.698e-05, 'y(GH)-H2O']
195.11293	195.11276	1452.5	11.0%	[195.1128, -4.697e-05, 'b(PP)']	[195.1128, -4.697e-05, 'a(EK)-H2O-NH3']	[195.1128, -4.697e-05, 'b(KT)-H2O-NH3']	[195.1128, -4.697e-05, 'y(PP)-H2O']	[195.1128, -4.697e-05, 'a(AAP)-NH3']	[195.1128, -4.697e-05, 'a(ASV)-H2O-NH3']	[195.1128, -4.697e-05, 'a(GIS)-H2O-NH3']	[195.1128, -4.697e-05, 'a(GLS)-H2O-NH3']	[195.1128, -4.697e-05, 'a(GTV)-H2O-NH3']
197.10345	197.10328	819.1	5.1%	[197.1033, -2.647e-05, 'a(HS)']	[197.1033, -2.647e-05, 'b(GR)-NH3']	[197.1033, -2.647e-05, 'y(GR)-H2O-NH3']	[197.1033, -2.647e-05, 'a(NQ)-H2O']	[197.1033, -2.647e-05, 'a(AGN)-H2O']	[197.1033, -2.647e-05, 'a(GGQ)-H2O']
197.12859	197.12842	6515.2	37.0%	[197.12845, -3.646e-05, 'b(PV)']	[197.12845, -3.646e-05, 'a(EI)-H2O']	[197.12845, -3.646e-05, 'a(EL)-H2O']	[197.12845, -3.646e-05, 'a(IQ)-NH3']	[197.12845, -3.646e-05, 'b(IT)-H2O']	[197.12845, -3.646e-05, 'a(LQ)-NH3']	[197.12845, -3.646e-05, 'b(LT)-H2O']	[197.12845, -3.646e-05, 'y(PV)-H2O']	[197.12845, -3.646e-05, 'a(AAV)-NH3']	[197.12845, -3.646e-05, 'a(AGI)-NH3']	[197.12845, -3.646e-05, 'a(AGL)-NH3']
198.08747	198.0873	2634.4	19.2%	[198.08732, -2.632e-05, 'a(DQ)-H2O']	[198.08732, -2.632e-05, 'a(EN)-H2O']	[198.08732, -2.632e-05, 'a(NQ)-NH3']	[198.08732, -2.632e-05, 'b(NT)-H2O']	[198.08732, -2.632e-05, 'b(QS)-H2O']	[198.08732, -2.632e-05, 'a(ADG)-H2O']	[198.08732, -2.632e-05, 'a(AGN)-NH3']	[198.08732, -2.632e-05, 'b(AGS)-H2O']	[198.08732, -2.632e-05, 'a(EGG)-H2O']	[198.08732, -2.632e-05, 'a(GGQ)-NH3']	[198.08732, -2.632e-05, 'b(GGT)-H2O']
198.12385	198.12368	1103.2	8.0%	[198.1237, -2.631e-05, 'a(PQ)']	[198.1237, -2.631e-05, 'a(AGP)']	[198.1237, -2.631e-05, 'a(DK)-H2O']	[198.1237, -2.631e-05, 'a(KN)-NH3']	[198.1237, -2.631e-05, 'b(KS)-H2O']	[198.1237, -2.631e-05, 'a(AAT)-H2O']	[198.1237, -2.631e-05, 'a(GGK)-NH3']	[198.1237, -2.631e-05, 'a(GSV)-H2O']
199.07146	199.07129	2886.2	20.7%	[199.07133, -4.624e-05, 'a(DE)-H2O']	[199.07133, -4.624e-05, 'a(DQ)-NH3']	[199.07133, -4.624e-05, 'b(DT)-H2O']	[199.07133, -4.624e-05, 'a(EN)-NH3']	[199.07133, -4.624e-05, 'b(ES)-H2O']	[199.07133, -4.624e-05, 'b(NT)-NH3']	[199.07133, -4.624e-05, 'y(NT)-H2O-NH3']	[199.07133, -4.624e-05, 'b(QS)-NH3']	[199.07133, -4.624e-05, 'y(QS)-H2O-NH3']	[199.07133, -4.624e-05, 'a(ADG)-NH3']	[199.07133, -4.624e-05, 'b(AGS)-NH3']	[199.07133, -4.624e-05, 'y(AGS)-H2O-NH3']	[199.07133, -4.624e-05, 'a(EGG)-NH3']	[199.07133, -4.624e-05, 'b(GGT)-NH3']	[199.07133, -4.624e-05, 'y(GGT)-H2O-NH3']	[199.07133, -4.624e-05, 'a(SSS)-H2O-NH3']
199.10784	199.10767	4315.7	25.8%	[199.10772, -5.624e-05, 'a(EP)']	[199.10772, -5.624e-05, 'b(PT)']	[199.10772, -5.624e-05, 'a(DK)-NH3']	[199.10772, -5.624e-05, 'b(KS)-NH3']	[199.10772, -5.624e-05, 'y(KS)-H2O-NH3']	[199.10772, -5.624e-05, 'y(PT)-H2O']	[199.10772, -5.624e-05, 'a(AAT)-NH3']	[199.10772, -5.624e-05, 'a(GSV)-NH3']
199.18063	199.18046	2054.0	11.7%	[199.18049, -3.623e-05, 'a(II)']	[199.18049, -3.623e-05, 'a(IL)']	[199.18049, -3.623e-05, 'a(LL)']
200.10312	200.10295	1695.3	9.5%	[200.10297, -2.623e-05, 'b(AQ)']	[200.10297, -2.623e-05, 'b(AAG)']	[200.10297, -2.623e-05, 'y(AQ)-H2O']	[200.10297, -2.623e-05, 'a(ASS)-H2O']	[200.10297, -2.623e-05, 'y(AAG)-H2O']	[200.10297, -2.623e-05, 'a(GST)-H2O']
200.1395	200.13933	1985.4	12.4%	[200.13935, -2.623e-05, 'b(AK)']	[200.13935, -2.623e-05, 'a(IN)']	[200.13935, -2.623e-05, 'a(LN)']	[200.13935, -2.623e-05, 'a(QV)']	[200.13935, -2.623e-05, 'a(AGV)']	[200.13935, -2.623e-05, 'a(GGI)']	[200.13935, -2.623e-05, 'a(GGL)']	[200.13935, -2.623e-05, 'y(AK)-H2O']
201.08713	201.08696	1949.1	12.0%	[201.08698, -2.629e-05, 'b(AE)']	[201.08698, -2.629e-05, 'y(AE)-H2O']	[201.08698, -2.629e-05, 'y(AQ)-NH3']	[201.08698, -2.629e-05, 'a(ASS)-NH3']	[201.08698, -2.629e-05, 'y(AAG)-NH3']	[201.08698, -2.629e-05, 'a(GST)-NH3']
201.1235	201.12333	7067.2	43.2%	[201.12337, -4.629e-05, 'a(DI)']	[201.12337, -4.629e-05, 'a(DL)']	[201.12337, -4.629e-05, 'a(EV)']	[201.12337, -4.629e-05, 'b(IS)']	[201.12337, -4.629e-05, 'b(LS)']	[201.12337, -4.629e-05, 'b(TV)']	[201.12337, -4.629e-05, 'y(AK)-NH3']	[201.12337, -4.629e-05, 'y(IS)-H2O']	[201.12337, -4.629e-05, 'y(LS)-H2O']	[201.12337, -4.629e-05, 'y(TV)-H2O']
202.08239	202.08222	966.7	6.2%	[202.08223, -1.642e-05, 'a(DN)']	[202.08223, -1.642e-05, 'b(NS)']	[202.08223, -1.642e-05, 'a(DGG)']	[202.08223, -1.642e-05, 'b(GGS)']	[202.08223, -1.642e-05, 'y(NS)-H2O']	[202.08223, -1.642e-05, 'y(GGS)-H2O']
204.08674	204.08657	3540.7	13.0%	[204.08665, -8.69e-05, 'y(TT)-NH3']
207.08782	207.08764	856.8	5.8%	[207.08765, -8.15e-06, 'a(DH)-H2O']	[207.08765, -8.15e-06, 'a(HN)-NH3']	[207.08765, -8.15e-06, 'b(HS)-H2O']	[207.08765, -8.15e-06, 'a(GGH)-NH3']
207.11294	207.11276	1649.2	10.4%	[207.1128, -3.817e-05, 'a(AY)']	[207.1128, -3.817e-05, 'a(FS)']	[207.1128, -3.817e-05, 'b(IQ)-H2O-NH3']	[207.1128, -3.817e-05, 'b(LQ)-H2O-NH3']	[207.1128, -3.817e-05, 'a(APT)-H2O-NH3']	[207.1128, -3.817e-05, 'b(AAV)-H2O-NH3']	[207.1128, -3.817e-05, 'b(AGI)-H2O-NH3']	[207.1128, -3.817e-05, 'b(AGL)-H2O-NH3']	[207.1128, -3.817e-05, 'a(GPP)-NH3']
207.1242	207.12402	856.5	4.3%	[207.12404, -1.817e-05, 'a(HP)']
209.09223	209.09205	1194.3	10.4%	[209.09207, -1.936e-05, 'b(DK)-H2O-NH3']	[209.09207, -1.936e-05, 'b(EP)-H2O']	[209.09207, -1.936e-05, 'b(PQ)-NH3']	[209.09207, -1.936e-05, 'y(PQ)-H2O-NH3']	[209.09207, -1.936e-05, 'a(AAE)-H2O-NH3']	[209.09207, -1.936e-05, 'b(AAT)-H2O-NH3']	[209.09207, -1.936e-05, 'b(AGP)-NH3']	[209.09207, -1.936e-05, 'y(AGP)-H2O-NH3']	[209.09207, -1.936e-05, 'a(DGV)-H2O-NH3']	[209.09207, -1.936e-05, 'b(GSV)-H2O-NH3']	[209.09207, -1.936e-05, 'a(PSS)-H2O-NH3']
209.10348	209.1033	1714.1	9.7%	[209.1033, 6.3e-07, 'b(AH)']	[209.1033, 6.3e-07, 'y(AH)-H2O']	[209.1033, 6.3e-07, 'a(DR)-H2O-NH3']	[209.1033, 6.3e-07, 'b(RS)-H2O-NH3']
209.13986	209.13968	961.3	5.4%	[209.13969, -9.39e-06, 'a(HV)']	[209.13969, -9.39e-06, 'a(PR)-NH3']
211.10787	211.10769	1622.6	14.1%	[211.10772, -3.087e-05, 'b(DI)-H2O']	[211.10772, -3.087e-05, 'b(DL)-H2O']	[211.10772, -3.087e-05, 'b(EV)-H2O']	[211.10772, -3.087e-05, 'b(IN)-NH3']	[211.10772, -3.087e-05, 'y(IN)-H2O-NH3']	[211.10772, -3.087e-05, 'b(LN)-NH3']	[211.10772, -3.087e-05, 'y(LN)-H2O-NH3']	[211.10772, -3.087e-05, 'b(QV)-NH3']	[211.10772, -3.087e-05, 'y(QV)-H2O-NH3']	[211.10772, -3.087e-05, 'a(APS)-NH3']	[211.10772, -3.087e-05, 'a(ATT)-H2O-NH3']	[211.10772, -3.087e-05, 'b(AGV)-NH3']	[211.10772, -3.087e-05, 'y(AGV)-H2O-NH3']	[211.10772, -3.087e-05, 'a(GPT)-NH3']	[211.10772, -3.087e-05, 'b(GGI)-NH3']	[211.10772, -3.087e-05, 'b(GGL)-NH3']	[211.10772, -3.087e-05, 'y(GGI)-H2O-NH3']	[211.10772, -3.087e-05, 'y(GGL)-H2O-NH3']	[211.10772, -3.087e-05, 'a(SSV)-H2O-NH3']
211.14424	211.14406	3981.0	23.2%	[211.1441, -4.09e-05, 'b(IP)']	[211.1441, -4.09e-05, 'b(LP)']	[211.1441, -4.09e-05, 'y(IP)-H2O']	[211.1441, -4.09e-05, 'b(KV)-NH3']	[211.1441, -4.09e-05, 'y(KV)-H2O-NH3']	[211.1441, -4.09e-05, 'y(LP)-H2O']	[211.1441, -4.09e-05, 'a(AAI)-NH3']	[211.1441, -4.09e-05, 'a(AAL)-NH3']	[211.1441, -4.09e-05, 'a(GVV)-NH3']
212.10313	212.10295	5879.9	37.1%	[212.10297, -2.172e-05, 'b(NP)']	[212.10297, -2.172e-05, 'b(GGP)']	[212.10297, -2.172e-05, 'a(EQ)-H2O']	[212.10297, -2.172e-05, 'y(NP)-H2O']	[212.10297, -2.172e-05, 'a(QQ)-NH3']	[212.10297, -2.172e-05, 'b(QT)-H2O']	[212.10297, -2.172e-05, 'a(AAD)-H2O']	[212.10297, -2.172e-05, 'a(AAN)-NH3']	[212.10297, -2.172e-05, 'a(AEG)-H2O']	[212.10297, -2.172e-05, 'a(AGQ)-NH3']	[212.10297, -2.172e-05, 'b(AAS)-H2O']	[212.10297, -2.172e-05, 'b(AGT)-H2O']	[212.10297, -2.172e-05, 'y(GGP)-H2O']
212.13953	212.13935	1282.7	9.2%	[212.13935, -1.76e-06, 'a(AAP)']	[212.13935, -1.76e-06, 'a(EK)-H2O']	[212.13935, -1.76e-06, 'a(KQ)-NH3']	[212.13935, -1.76e-06, 'b(KT)-H2O']	[212.13935, -1.76e-06, 'a(AGK)-NH3']	[212.13935, -1.76e-06, 'a(ASV)-H2O']	[212.13935, -1.76e-06, 'a(GIS)-H2O']	[212.13935, -1.76e-06, 'a(GLS)-H2O']	[212.13935, -1.76e-06, 'a(GTV)-H2O']
213.08715	213.08696	5872.7	34.3%	[213.08698, -1.264e-05, 'b(DP)']	[213.08698, -1.264e-05, 'y(DP)-H2O']	[213.08698, -1.264e-05, 'a(EE)-H2O']	[213.08698, -1.264e-05, 'a(EQ)-NH3']	[213.08698, -1.264e-05, 'b(ET)-H2O']	[213.08698, -1.264e-05, 'y(NP)-NH3']	[213.08698, -1.264e-05, 'b(QT)-NH3']	[213.08698, -1.264e-05, 'y(QT)-H2O-NH3']	[213.08698, -1.264e-05, 'a(AAD)-NH3']	[213.08698, -1.264e-05, 'a(AEG)-NH3']	[213.08698, -1.264e-05, 'b(AAS)-NH3']	[213.08698, -1.264e-05, 'b(AGT)-NH3']	[213.08698, -1.264e-05, 'y(AAS)-H2O-NH3']	[213.08698, -1.264e-05, 'y(AGT)-H2O-NH3']	[213.08698, -1.264e-05, 'y(GGP)-NH3']	[213.08698, -1.264e-05, 'a(SST)-H2O-NH3']
213.15992	213.15973	1236.8	8.4%	[213.15975, -1.271e-05, 'b(IV)']	[213.15975, -1.271e-05, 'b(LV)']	[213.15975, -1.271e-05, 'y(IV)-H2O']	[213.15975, -1.271e-05, 'y(LV)-H2O']
214.1188	214.11861	1084.7	7.8%	[214.11862, -3.67e-06, 'b(NV)']	[214.11862, -3.67e-06, 'b(AAA)']	[214.11862, -3.67e-06, 'a(GPS)']	[214.11862, -3.67e-06, 'b(GGV)']	[214.11862, -3.67e-06, 'y(NV)-H2O']	[214.11862, -3.67e-06, 'a(AST)-H2O']	[214.11862, -3.67e-06, 'y(AAA)-H2O']	[214.11862, -3.67e-06, 'a(GTT)-H2O']	[214.11862, -3.67e-06, 'y(GGV)-H2O']
214.15517	214.15498	946.2	7.6%	[214.155, -1.371e-05, 'a(IQ)']	[214.155, -1.371e-05, 'a(LQ)']	[214.155, -1.371e-05, 'a(AAV)']	[214.155, -1.371e-05, 'a(AGI)']	[214.155, -1.371e-05, 'a(AGL)']
215.10282	215.10263	823.5	5.9%	[215.10263, 5.28e-06, 'b(DV)']	[215.10263, 5.28e-06, 'y(DV)-H2O']	[215.10263, 5.28e-06, 'y(NV)-NH3']	[215.10263, 5.28e-06, 'a(AST)-NH3']	[215.10263, 5.28e-06, 'y(AAA)-NH3']	[215.10263, 5.28e-06, 'a(GTT)-NH3']	[215.10263, 5.28e-06, 'y(GGV)-NH3']
215.11407	215.11388	1097.9	6.8%	[215.11387, 1.527e-05, 'a(NQ)']	[215.11387, 1.527e-05, 'a(AGN)']	[215.11387, 1.527e-05, 'a(GGQ)']	[215.11387, 1.527e-05, 'y(GR)-NH3']
215.13919	215.139	3907.3	24.9%	[215.13902, -1.476e-05, 'a(EI)']	[215.13902, -1.476e-05, 'a(EL)']	[215.13902, -1.476e-05, 'b(IT)']	[215.13902, -1.476e-05, 'b(LT)']	[215.13902, -1.476e-05, 'y(PV)']	[215.13902, -1.476e-05, 'y(IT)-H2O']	[215.13902, -1.476e-05, 'y(LT)-H2O']
216.09806	216.09787	2692.2	18.2%	[216.09788, -5.85e-06, 'a(DQ)']	[216.09788, -5.85e-06, 'a(EN)']	[216.09788, -5.85e-06, 'b(NT)']	[216.09788, -5.85e-06, 'b(QS)']	[216.09788, -5.85e-06, 'a(ADG)']	[216.09788, -5.85e-06, 'b(AGS)']	[216.09788, -5.85e-06, 'a(EGG)']	[216.09788, -5.85e-06, 'b(GGT)']	[216.09788, -5.85e-06, 'y(NT)-H2O']	[216.09788, -5.85e-06, 'y(QS)-H2O']	[216.09788, -5.85e-06, 'y(AGS)-H2O']	[216.09788, -5.85e-06, 'y(GGT)-H2O']	[216.09788, -5.85e-06, 'a(SSS)-H2O']
217.08209	217.0819	2156.8	14.7%	[217.0819, 2.97e-06, 'a(DE)']	[217.0819, 2.97e-06, 'b(DT)']	[217.0819, 2.97e-06, 'b(ES)']	[217.0819, 2.97e-06, 'y(DT)-H2O']	[217.0819, 2.97e-06, 'y(ES)-H2O']	[217.0819, 2.97e-06, 'y(NT)-NH3']	[217.0819, 2.97e-06, 'y(QS)-NH3']	[217.0819, 2.97e-06, 'y(AGS)-NH3']	[217.0819, 2.97e-06, 'y(GGT)-NH3']	[217.0819, 2.97e-06, 'a(SSS)-NH3']	[217.08277, -0.00086703, 'a(MM)-H2O']
217.13371	217.13352	1339.7	7.2%	[217.13354, -1.71e-05, 'a(FP)']	[217.13354, -1.71e-05, 'a(VY)-H2O']
218.15012	218.14992	1697.6	14.0%	[218.14992, 1.161e-05, 'y(AK)']
219.147	219.1468	1035.1	10.4%
221.10351	221.10331	1524.5	9.4%	[221.1033, 1.749e-05, 'a(EH)-H2O']	[221.1033, 1.749e-05, 'a(HQ)-NH3']	[221.1033, 1.749e-05, 'b(HT)-H2O']	[221.1033, 1.749e-05, 'a(AGH)-NH3']
221.12863	221.12843	839.7	5.0%	[221.12845, -1.255e-05, 'a(FT)']	[221.12845, -1.255e-05, 'a(APP)-NH3']	[221.12845, -1.255e-05, 'b(AAI)-H2O-NH3']	[221.12845, -1.255e-05, 'b(AAL)-H2O-NH3']	[221.12845, -1.255e-05, 'b(GVV)-H2O-NH3']	[221.12845, -1.255e-05, 'a(PSV)-H2O-NH3']
221.16024	221.16004	1023.1	10.0%
222.15723	222.15703	1436.5	12.0%
223.15553	223.15532	1719.0	10.2%	[223.15534, -5.69e-06, 'a(HI)']	[223.15534, -5.69e-06, 'a(HL)']
224.10317	224.10296	1270.4	11.4%	[224.10297, 2.75e-06, 'a(ANT)-H2O-NH3']	[224.10297, 2.75e-06, 'a(AQS)-H2O-NH3']	[224.10297, 2.75e-06, 'a(DGP)-H2O']	[224.10297, 2.75e-06, 'a(GNP)-NH3']	[224.10297, 2.75e-06, 'a(GQT)-H2O-NH3']	[224.10297, 2.75e-06, 'b(GPS)-H2O']
225.0984	225.09819	1578.3	10.0%	[225.09822, -1.893e-05, 'a(DH)']	[225.09822, -1.893e-05, 'b(HS)']	[225.09822, -1.893e-05, 'y(HS)-H2O']	[225.09822, -1.893e-05, 'b(NQ)-H2O']	[225.09822, -1.893e-05, 'b(AGN)-H2O']	[225.09822, -1.893e-05, 'b(GGQ)-H2O']
225.12357	225.12336	1120.3	10.3%	[225.12337, 1.03e-06, 'b(EI)-H2O']	[225.12337, 1.03e-06, 'b(EL)-H2O']	[225.12337, 1.03e-06, 'b(IQ)-NH3']	[225.12337, 1.03e-06, 'y(IQ)-H2O-NH3']	[225.12337, 1.03e-06, 'b(LQ)-NH3']	[225.12337, 1.03e-06, 'y(LQ)-H2O-NH3']	[225.12337, 1.03e-06, 'a(APT)-NH3']	[225.12337, 1.03e-06, 'b(AAV)-NH3']	[225.12337, 1.03e-06, 'b(AGI)-NH3']	[225.12337, 1.03e-06, 'b(AGL)-NH3']	[225.12337, 1.03e-06, 'y(AAV)-H2O-NH3']	[225.12337, 1.03e-06, 'y(AGI)-H2O-NH3']	[225.12337, 1.03e-06, 'y(AGL)-H2O-NH3']	[225.12337, 1.03e-06, 'a(ISS)-H2O-NH3']	[225.12337, 1.03e-06, 'a(LSS)-H2O-NH3']	[225.12337, 1.03e-06, 'a(STV)-H2O-NH3']
226.08241	226.0822	2094.5	16.6%	[226.08223, -2.065e-05, 'b(DQ)-H2O']	[226.08223, -2.065e-05, 'b(EN)-H2O']	[226.08223, -2.065e-05, 'y(HS)-NH3']	[226.08223, -2.065e-05, 'b(NQ)-NH3']	[226.08223, -2.065e-05, 'y(NQ)-H2O-NH3']	[226.08223, -2.065e-05, 'b(ADG)-H2O']	[226.08223, -2.065e-05, 'b(AGN)-NH3']	[226.08223, -2.065e-05, 'y(AGN)-H2O-NH3']	[226.08223, -2.065e-05, 'b(EGG)-H2O']	[226.08223, -2.065e-05, 'b(GGQ)-NH3']	[226.08223, -2.065e-05, 'y(GGQ)-H2O-NH3']	[226.08223, -2.065e-05, 'a(NSS)-H2O-NH3']
226.1188	226.11859	5241.1	33.3%	[226.11862, -2.071e-05, 'b(PQ)']	[226.11862, -2.071e-05, 'b(AGP)']	[226.11862, -2.071e-05, 'b(DK)-H2O']	[226.11862, -2.071e-05, 'b(KN)-NH3']	[226.11862, -2.071e-05, 'y(KN)-H2O-NH3']	[226.11862, -2.071e-05, 'y(PQ)-H2O']	[226.11862, -2.071e-05, 'a(AAE)-H2O']	[226.11862, -2.071e-05, 'a(AAQ)-NH3']	[226.11862, -2.071e-05, 'b(AAT)-H2O']	[226.11862, -2.071e-05, 'y(AGP)-H2O']	[226.11862, -2.071e-05, 'a(DGV)-H2O']	[226.11862, -2.071e-05, 'a(GNV)-NH3']	[226.11862, -2.071e-05, 'b(GGK)-NH3']	[226.11862, -2.071e-05, 'b(GSV)-H2O']	[226.11862, -2.071e-05, 'y(GGK)-H2O-NH3']	[226.11862, -2.071e-05, 'a(PSS)-H2O']
227.06645	227.06623	877.4	7.6%	[227.06625, -2.42e-06, 'b(DE)-H2O']	[227.06625, -2.42e-06, 'b(DQ)-NH3']	[227.06625, -2.42e-06, 'y(DQ)-H2O-NH3']	[227.06625, -2.42e-06, 'b(EN)-NH3']	[227.06625, -2.42e-06, 'y(EN)-H2O-NH3']	[227.06625, -2.42e-06, 'b(ADG)-NH3']	[227.06625, -2.42e-06, 'y(ADG)-H2O-NH3']	[227.06625, -2.42e-06, 'a(DSS)-H2O-NH3']	[227.06625, -2.42e-06, 'b(EGG)-NH3']	[227.06625, -2.42e-06, 'y(EGG)-H2O-NH3']	[227.06625, -2.42e-06, 'b(SSS)-H2O-NH3']
227.1028	227.10258	4859.7	27.6%	[227.10263, -3.249e-05, 'b(EP)']	[227.10263, -3.249e-05, 'b(DK)-NH3']	[227.10263, -3.249e-05, 'y(DK)-H2O-NH3']	[227.10263, -3.249e-05, 'y(EP)-H2O']	[227.10263, -3.249e-05, 'y(PQ)-NH3']	[227.10263, -3.249e-05, 'a(AAE)-NH3']	[227.10263, -3.249e-05, 'b(AAT)-NH3']	[227.10263, -3.249e-05, 'y(AAT)-H2O-NH3']	[227.10263, -3.249e-05, 'y(AGP)-NH3']	[227.10263, -3.249e-05, 'a(DGV)-NH3']	[227.10263, -3.249e-05, 'b(GSV)-NH3']	[227.10263, -3.249e-05, 'y(GSV)-H2O-NH3']	[227.10263, -3.249e-05, 'a(PSS)-NH3']	[227.10263, -3.249e-05, 'a(STT)-H2O-NH3']
227.17562	227.1754	1234.8	8.6%	[227.1754, 1.738e-05, 'b(II)']	[227.1754, 1.738e-05, 'b(IL)']	[227.1754, 1.738e-05, 'b(LL)']	[227.1754, 1.738e-05, 'y(II)-H2O']	[227.1754, 1.738e-05, 'y(IL)-H2O']	[227.1754, 1.738e-05, 'y(LL)-H2O']
228.13448	228.13426	3571.4	24.6%	[228.13427, 5.6e-06, 'b(IN)']	[228.13427, 5.6e-06, 'b(LN)']	[228.13427, 5.6e-06, 'b(QV)']	[228.13427, 5.6e-06, 'a(APS)']	[228.13427, 5.6e-06, 'b(AGV)']	[228.13427, 5.6e-06, 'a(GPT)']	[228.13427, 5.6e-06, 'b(GGI)']	[228.13427, 5.6e-06, 'b(GGL)']	[228.13427, 5.6e-06, 'y(IN)-H2O']	[228.13427, 5.6e-06, 'y(LN)-H2O']	[228.13427, 5.6e-06, 'y(QV)-H2O']	[228.13427, 5.6e-06, 'a(ATT)-H2O']	[228.13427, 5.6e-06, 'y(AGV)-H2O']	[228.13427, 5.6e-06, 'a(GKS)-NH3']	[228.13427, 5.6e-06, 'y(GGI)-H2O']	[228.13427, 5.6e-06, 'y(GGL)-H2O']	[228.13427, 5.6e-06, 'a(SSV)-H2O']
229.11849	229.11827	3931.0	26.8%	[229.11828, 3.73e-06, 'b(DI)']	[229.11828, 3.73e-06, 'b(DL)']	[229.11828, 3.73e-06, 'b(EV)']	[229.11828, 3.73e-06, 'y(DI)-H2O']	[229.11828, 3.73e-06, 'y(DL)-H2O']	[229.11828, 3.73e-06, 'y(EV)-H2O']	[229.11828, 3.73e-06, 'y(IN)-NH3']	[229.11828, 3.73e-06, 'y(LN)-NH3']	[229.11828, 3.73e-06, 'y(QV)-NH3']	[229.11828, 3.73e-06, 'a(ATT)-NH3']	[229.11828, 3.73e-06, 'y(AGV)-NH3']	[229.11828, 3.73e-06, 'y(GGI)-NH3']	[229.11828, 3.73e-06, 'y(GGL)-NH3']	[229.11828, 3.73e-06, 'a(SSV)-NH3']
229.12974	229.12952	1296.0	8.9%	[229.12952, 1.37e-05, 'a(QQ)']	[229.12952, 1.37e-05, 'a(AAN)']	[229.12952, 1.37e-05, 'a(AGQ)']	[229.12952, 1.37e-05, 'y(AR)-NH3']
229.16697	229.16675	7727.3	56.9%	[229.1659, 0.00086363, 'a(KQ)']	[229.1659, 0.00086363, 'a(AGK)']
229.18642	229.1862	2156.9	19.4%
230.07733	230.07711	935.0	6.1%	[230.07715, -2.815e-05, 'b(DN)']	[230.07715, -2.815e-05, 'b(DGG)']	[230.07715, -2.815e-05, 'y(DN)-H2O']	[230.07715, -2.815e-05, 'y(NN)-NH3']	[230.07715, -2.815e-05, 'y(DGG)-H2O']	[230.07715, -2.815e-05, 'y(GGN)-NH3']
230.11375	230.11353	1631.8	13.4%	[230.11353, 1.178e-05, 'a(EQ)']	[230.11353, 1.178e-05, 'y(NP)']	[230.11353, 1.178e-05, 'b(QT)']	[230.11353, 1.178e-05, 'a(AAD)']	[230.11353, 1.178e-05, 'a(AEG)']	[230.11353, 1.178e-05, 'b(AAS)']	[230.11353, 1.178e-05, 'b(AGT)']	[230.11353, 1.178e-05, 'y(GGP)']	[230.11353, 1.178e-05, 'y(QT)-H2O']	[230.11353, 1.178e-05, 'y(AAS)-H2O']	[230.11353, 1.178e-05, 'y(AGT)-H2O']	[230.11353, 1.178e-05, 'a(SST)-H2O']
230.17039	230.17017	62992.7	95.0%	[230.17021, -2.833e-05, 'TMT6Nterm']
231.09778	231.09756	1033.4	8.1%	[231.09755, 1.981e-05, 'y(DP)']	[231.09755, 1.981e-05, 'a(EE)']	[231.09755, 1.981e-05, 'b(ET)']	[231.09755, 1.981e-05, 'y(ET)-H2O']	[231.09755, 1.981e-05, 'y(QT)-NH3']	[231.09755, 1.981e-05, 'y(AAS)-NH3']	[231.09755, 1.981e-05, 'y(AGT)-NH3']	[231.09755, 1.981e-05, 'a(SST)-NH3']
231.11303	231.11281	809.5	6.3%	[231.1128, 1.978e-05, 'a(EF)-H2O']	[231.1128, 1.978e-05, 'a(FQ)-NH3']	[231.1128, 1.978e-05, 'b(FT)-H2O']	[231.1128, 1.978e-05, 'a(AFG)-NH3']	[231.1128, 1.978e-05, 'b(APP)-H2O-NH3']
231.17384	231.17362	14526.9	76.8%
232.14063	232.1404	1179.2	6.1%	[232.14042, -2.32e-06, 'y(GR)']
233.12865	233.12842	921.7	5.5%	[233.12845, -1.439e-05, 'a(PY)']	[233.12845, -1.439e-05, 'b(APV)-H2O-NH3']	[233.12845, -1.439e-05, 'b(GIP)-H2O-NH3']	[233.12845, -1.439e-05, 'b(GLP)-H2O-NH3']	[233.12845, -1.439e-05, 'a(PPT)-H2O-NH3']
233.16505	233.16482	1551.9	10.1%	[233.16484, -4.46e-06, 'a(FI)']	[233.16484, -4.46e-06, 'a(FL)']	[233.16484, -4.46e-06, 'a(PVV)-H2O-NH3']
234.12395	234.12372	789.5	6.2%	[234.1237, 3.349e-05, 'a(FN)']	[234.1237, 3.349e-05, 'a(FGG)']	[234.1237, 3.349e-05, 'b(HI)-NH3']	[234.1237, 3.349e-05, 'b(HL)-NH3']	[234.1237, 3.349e-05, 'y(HI)-H2O-NH3']	[234.1237, 3.349e-05, 'y(HL)-H2O-NH3']	[234.1237, 3.349e-05, 'a(APQ)-H2O-NH3']	[234.1237, 3.349e-05, 'b(GPP)-H2O']
235.10794	235.10771	1799.0	13.1%	[235.10772, 1.35e-06, 'b(AY)']	[235.10772, 1.35e-06, 'a(DF)']	[235.10772, 1.35e-06, 'b(FS)']	[235.10772, 1.35e-06, 'y(AY)-H2O']	[235.10772, 1.35e-06, 'y(FS)-H2O']	[235.10772, 1.35e-06, 'a(AEP)-H2O-NH3']	[235.10772, 1.35e-06, 'b(APT)-H2O-NH3']	[235.10772, 1.35e-06, 'b(GPP)-NH3']	[235.10772, 1.35e-06, 'y(GPP)-H2O-NH3']
235.11914	235.11891	1928.2	12.2%	[235.11895, -2.867e-05, 'b(HP)']	[235.11895, -2.867e-05, 'y(HP)-H2O']	[235.11895, -2.867e-05, 'a(AAH)-NH3']
237.13481	237.13457	1331.0	8.0%	[237.1346, -1.317e-05, 'b(HV)']	[237.1346, -1.317e-05, 'y(HV)-H2O']	[237.1346, -1.317e-05, 'b(PR)-NH3']	[237.1346, -1.317e-05, 'y(PR)-H2O-NH3']	[237.1346, -1.317e-05, 'a(ANP)-H2O']	[237.1346, -1.317e-05, 'a(GKN)-H2O-NH3']	[237.1346, -1.317e-05, 'a(GPQ)-H2O']
237.16811	237.16787	834.8	4.0%
238.11882	238.11858	1234.9	11.9%	[238.11862, -2.541e-05, 'y(HV)-NH3']	[238.11862, -2.541e-05, 'a(ADP)-H2O']	[238.11862, -2.541e-05, 'a(ANP)-NH3']	[238.11862, -2.541e-05, 'a(AQT)-H2O-NH3']	[238.11862, -2.541e-05, 'b(APS)-H2O']	[238.11862, -2.541e-05, 'a(DGK)-H2O-NH3']	[238.11862, -2.541e-05, 'a(EGP)-H2O']	[238.11862, -2.541e-05, 'a(GPQ)-NH3']	[238.11862, -2.541e-05, 'b(GKS)-H2O-NH3']	[238.11862, -2.541e-05, 'b(GPT)-H2O']	[238.11862, -2.541e-05, 'a(NSV)-H2O-NH3']
239.11407	239.11383	1614.9	11.8%	[239.11387, -2.772e-05, 'a(EH)']	[239.11387, -2.772e-05, 'b(HT)']	[239.11387, -2.772e-05, 'y(HT)-H2O']	[239.11387, -2.772e-05, 'b(QQ)-H2O']	[239.11387, -2.772e-05, 'b(AAN)-H2O']	[239.11387, -2.772e-05, 'b(AGQ)-H2O']
240.0981	240.09786	2076.2	15.5%	[240.09788, -1.003e-05, 'b(EQ)-H2O']	[240.09788, -1.003e-05, 'y(HT)-NH3']	[240.09788, -1.003e-05, 'b(QQ)-NH3']	[240.09788, -1.003e-05, 'y(QQ)-H2O-NH3']	[240.09788, -1.003e-05, 'b(AAD)-H2O']	[240.09788, -1.003e-05, 'b(AAN)-NH3']	[240.09788, -1.003e-05, 'b(AEG)-H2O']	[240.09788, -1.003e-05, 'b(AGQ)-NH3']	[240.09788, -1.003e-05, 'y(AAN)-H2O-NH3']	[240.09788, -1.003e-05, 'y(AGQ)-H2O-NH3']	[240.09788, -1.003e-05, 'a(NST)-H2O-NH3']	[240.09788, -1.003e-05, 'a(QSS)-H2O-NH3']
240.13449	240.13425	1296.4	12.9%	[240.13427, -1.011e-05, 'b(AAP)']	[240.13427, -1.011e-05, 'b(EK)-H2O']	[240.13427, -1.011e-05, 'b(KQ)-NH3']	[240.13427, -1.011e-05, 'y(KQ)-H2O-NH3']	[240.13427, -1.011e-05, 'a(ADV)-H2O']	[240.13427, -1.011e-05, 'a(ANV)-NH3']	[240.13427, -1.011e-05, 'b(AGK)-NH3']	[240.13427, -1.011e-05, 'b(ASV)-H2O']	[240.13427, -1.011e-05, 'y(AAP)-H2O']	[240.13427, -1.011e-05, 'y(AGK)-H2O-NH3']	[240.13427, -1.011e-05, 'a(DGI)-H2O']	[240.13427, -1.011e-05, 'a(DGL)-H2O']	[240.13427, -1.011e-05, 'a(EGV)-H2O']	[240.13427, -1.011e-05, 'a(GIN)-NH3']	[240.13427, -1.011e-05, 'a(GLN)-NH3']	[240.13427, -1.011e-05, 'a(GQV)-NH3']	[240.13427, -1.011e-05, 'b(GIS)-H2O']	[240.13427, -1.011e-05, 'b(GLS)-H2O']	[240.13427, -1.011e-05, 'b(GTV)-H2O']	[240.13427, -1.011e-05, 'a(KSS)-H2O-NH3']	[240.13427, -1.011e-05, 'a(PST)-H2O']
241.08213	241.08189	1450.9	11.5%	[241.0819, -2.37e-06, 'b(EE)-H2O']	[241.0819, -2.37e-06, 'b(EQ)-NH3']	[241.0819, -2.37e-06, 'y(EQ)-H2O-NH3']	[241.0819, -2.37e-06, 'b(AAD)-NH3']	[241.0819, -2.37e-06, 'b(AEG)-NH3']	[241.0819, -2.37e-06, 'y(AAD)-H2O-NH3']	[241.0819, -2.37e-06, 'y(AEG)-H2O-NH3']	[241.0819, -2.37e-06, 'a(DST)-H2O-NH3']	[241.0819, -2.37e-06, 'a(ESS)-H2O-NH3']	[241.0819, -2.37e-06, 'b(SST)-H2O-NH3']
242.11375	242.1135	1270.6	9.9%	[242.11353, -1.484e-05, 'a(DGP)']	[242.11353, -1.484e-05, 'b(GPS)']	[242.11353, -1.484e-05, 'a(ADT)-H2O']	[242.11353, -1.484e-05, 'a(AES)-H2O']	[242.11353, -1.484e-05, 'a(ANT)-NH3']	[242.11353, -1.484e-05, 'a(AQS)-NH3']	[242.11353, -1.484e-05, 'b(AST)-H2O']	[242.11353, -1.484e-05, 'a(EGT)-H2O']	[242.11353, -1.484e-05, 'a(GQT)-NH3']	[242.11353, -1.484e-05, 'b(GTT)-H2O']	[242.11353, -1.484e-05, 'y(GPS)-H2O']
242.15014	242.14989	2449.1	18.2%	[242.14992, -1.493e-05, 'b(IQ)']	[242.14992, -1.493e-05, 'b(LQ)']	[242.14992, -1.493e-05, 'a(APT)']	[242.14992, -1.493e-05, 'b(AAV)']	[242.14992, -1.493e-05, 'b(AGI)']	[242.14992, -1.493e-05, 'b(AGL)']	[242.14992, -1.493e-05, 'y(IQ)-H2O']	[242.14992, -1.493e-05, 'y(LQ)-H2O']	[242.14992, -1.493e-05, 'a(AKS)-NH3']	[242.14992, -1.493e-05, 'y(AAV)-H2O']	[242.14992, -1.493e-05, 'y(AGI)-H2O']	[242.14992, -1.493e-05, 'y(AGL)-H2O']	[242.14992, -1.493e-05, 'a(GKT)-NH3']	[242.14992, -1.493e-05, 'a(ISS)-H2O']	[242.14992, -1.493e-05, 'a(LSS)-H2O']	[242.14992, -1.493e-05, 'a(STV)-H2O']
243.109	243.10875	1070.3	7.6%	[243.10878, -1.726e-05, 'y(HS)']	[243.10878, -1.726e-05, 'b(NQ)']	[243.10878, -1.726e-05, 'b(AGN)']	[243.10878, -1.726e-05, 'b(GGQ)']	[243.10878, -1.726e-05, 'y(NQ)-H2O']	[243.10878, -1.726e-05, 'y(AGN)-H2O']	[243.10878, -1.726e-05, 'y(GGQ)-H2O']	[243.10878, -1.726e-05, 'a(NSS)-H2O']
243.13418	243.13393	2334.7	16.4%	[243.13393, 1.268e-05, 'b(EI)']	[243.13393, 1.268e-05, 'b(EL)']	[243.13393, 1.268e-05, 'y(EI)-H2O']	[243.13393, 1.268e-05, 'y(EL)-H2O']	[243.13393, 1.268e-05, 'y(IQ)-NH3']	[243.13393, 1.268e-05, 'y(LQ)-NH3']	[243.13393, 1.268e-05, 'y(AAV)-NH3']	[243.13393, 1.268e-05, 'y(AGI)-NH3']	[243.13393, 1.268e-05, 'y(AGL)-NH3']	[243.13393, 1.268e-05, 'a(ISS)-NH3']	[243.13393, 1.268e-05, 'a(LSS)-NH3']	[243.13393, 1.268e-05, 'a(STV)-NH3']
244.09301	244.09276	2272.5	16.7%	[244.0928, -2.967e-05, 'b(DQ)']	[244.0928, -2.967e-05, 'b(EN)']	[244.0928, -2.967e-05, 'b(ADG)']	[244.0928, -2.967e-05, 'b(EGG)']	[244.0928, -2.967e-05, 'y(DQ)-H2O']	[244.0928, -2.967e-05, 'y(EN)-H2O']	[244.0928, -2.967e-05, 'y(NQ)-NH3']	[244.0928, -2.967e-05, 'y(ADG)-H2O']	[244.0928, -2.967e-05, 'y(AGN)-NH3']	[244.0928, -2.967e-05, 'a(DSS)-H2O']	[244.0928, -2.967e-05, 'y(EGG)-H2O']	[244.0928, -2.967e-05, 'y(GGQ)-NH3']	[244.0928, -2.967e-05, 'a(NSS)-NH3']	[244.0928, -2.967e-05, 'b(SSS)-H2O']
245.07704	245.07679	1415.0	9.1%	[245.07681, -1.21e-05, 'b(DE)']	[245.07681, -1.21e-05, 'y(DE)-H2O']	[245.07681, -1.21e-05, 'y(DQ)-NH3']	[245.07681, -1.21e-05, 'y(EN)-NH3']	[245.07681, -1.21e-05, 'y(ADG)-NH3']	[245.07681, -1.21e-05, 'a(DSS)-NH3']	[245.07681, -1.21e-05, 'y(EGG)-NH3']	[245.07681, -1.21e-05, 'b(SSS)-NH3']	[245.07681, -1.21e-05, 'y(SSS)-H2O-NH3']	[245.07768, -0.0008821, 'b(MM)-H2O']
245.1287	245.12845	922.5	6.2%	[245.12845, 7.77e-06, 'b(FP)']	[245.12845, 7.77e-06, 'y(FP)-H2O']	[245.12845, 7.77e-06, 'b(VY)-H2O']	[245.12845, 7.77e-06, 'a(AAF)-NH3']
246.12731	246.12706	813.3	6.2%	[246.12707, -4.71e-06, 'a(C[Carbamidomethyl]I)']	[246.12707, -4.71e-06, 'a(C[Carbamidomethyl]L)']	[246.12707, -4.71e-06, 'a(AAM)']	[246.12707, -4.71e-06, 'a(ACV)']	[246.12707, -4.71e-06, 'a(CGI)']	[246.12707, -4.71e-06, 'a(CGL)']
246.15632	246.15607	861.6	4.7%	[246.15607, 5.22e-06, 'y(AR)']
247.17743	247.17717	1832.4	19.3%
247.19705	247.19679	3576.1	26.9%
248.18098	248.18072	32943.2	87.2%
249.09845	249.09819	1287.3	8.9%	[249.09822, -2.219e-05, 'b(EH)-H2O']	[249.09822, -2.219e-05, 'b(HQ)-NH3']	[249.09822, -2.219e-05, 'y(HQ)-H2O-NH3']	[249.09822, -2.219e-05, 'b(AGH)-NH3']	[249.09822, -2.219e-05, 'y(AGH)-H2O-NH3']	[249.09822, -2.219e-05, 'a(HSS)-H2O-NH3']
249.12362	249.12336	1172.0	8.5%	[249.12337, -2.26e-06, 'a(EF)']	[249.12337, -2.26e-06, 'b(FT)']	[249.12337, -2.26e-06, 'y(FT)-H2O']	[249.12337, -2.26e-06, 'b(APP)-NH3']	[249.12337, -2.26e-06, 'y(APP)-H2O-NH3']	[249.12337, -2.26e-06, 'a(DPV)-H2O-NH3']	[249.12337, -2.26e-06, 'b(PSV)-H2O-NH3']
249.16001	249.15975	897.3	6.0%	[249.15975, 7.65e-06, 'a(IY)']	[249.15975, 7.65e-06, 'a(LY)']	[249.15975, 7.65e-06, 'b(AIV)-H2O-NH3']	[249.15975, 7.65e-06, 'b(ALV)-H2O-NH3']	[249.15975, 7.65e-06, 'b(GII)-H2O-NH3']	[249.15975, 7.65e-06, 'b(GIL)-H2O-NH3']	[249.15975, 7.65e-06, 'b(GLL)-H2O-NH3']	[249.15975, 7.65e-06, 'a(IPT)-H2O-NH3']	[249.15975, 7.65e-06, 'a(LPT)-H2O-NH3']	[249.15975, 7.65e-06, 'a(PPV)-NH3']
249.18448	249.18422	5151.5	39.3%
251.1505	251.15024	1910.1	12.2%	[251.15025, -7.41e-06, 'b(HI)']	[251.15025, -7.41e-06, 'b(HL)']	[251.15025, -7.41e-06, 'y(HI)-H2O']	[251.15025, -7.41e-06, 'y(HL)-H2O']	[251.15025, -7.41e-06, 'a(AKN)-H2O-NH3']	[251.15025, -7.41e-06, 'a(APQ)-H2O']	[251.15025, -7.41e-06, 'a(GKQ)-H2O-NH3']
252.13451	252.13425	876.2	9.4%	[252.13427, -1.992e-05, 'b(GPP)']	[252.13427, -1.992e-05, 'y(HI)-NH3']	[252.13427, -1.992e-05, 'y(HL)-NH3']	[252.13427, -1.992e-05, 'a(ADK)-H2O-NH3']	[252.13427, -1.992e-05, 'a(AEP)-H2O']	[252.13427, -1.992e-05, 'a(APQ)-NH3']	[252.13427, -1.992e-05, 'b(AKS)-H2O-NH3']	[252.13427, -1.992e-05, 'b(APT)-H2O']	[252.13427, -1.992e-05, 'a(EGK)-H2O-NH3']	[252.13427, -1.992e-05, 'b(GKT)-H2O-NH3']	[252.13427, -1.992e-05, 'y(GPP)-H2O']	[252.13427, -1.992e-05, 'a(INS)-H2O-NH3']	[252.13427, -1.992e-05, 'a(LNS)-H2O-NH3']	[252.13427, -1.992e-05, 'a(NTV)-H2O-NH3']	[252.13427, -1.992e-05, 'a(QSV)-H2O-NH3']
253.09336	253.09309	1056.0	7.0%	[253.09313, -3.237e-05, 'b(DH)']	[253.09313, -3.237e-05, 'y(DH)-H2O']	[253.09313, -3.237e-05, 'y(HN)-NH3']	[253.09313, -3.237e-05, 'y(GGH)-NH3']	[253.09313, -3.237e-05, 'a(NNS)-H2O-NH3']
254.1502	254.14993	1555.7	15.3%	[254.14992, 1.494e-05, 'b(GPV)']	[254.14992, 1.494e-05, 'a(PPS)']	[254.14992, 1.494e-05, 'a(ADI)-H2O']	[254.14992, 1.494e-05, 'a(ADL)-H2O']	[254.14992, 1.494e-05, 'a(AEV)-H2O']	[254.14992, 1.494e-05, 'a(AIN)-NH3']	[254.14992, 1.494e-05, 'a(ALN)-NH3']	[254.14992, 1.494e-05, 'a(AQV)-NH3']	[254.14992, 1.494e-05, 'b(AAK)-NH3']	[254.14992, 1.494e-05, 'b(AIS)-H2O']	[254.14992, 1.494e-05, 'b(ALS)-H2O']	[254.14992, 1.494e-05, 'b(ATV)-H2O']	[254.14992, 1.494e-05, 'y(AAK)-H2O-NH3']	[254.14992, 1.494e-05, 'a(EGI)-H2O']	[254.14992, 1.494e-05, 'a(EGL)-H2O']	[254.14992, 1.494e-05, 'a(GIQ)-NH3']	[254.14992, 1.494e-05, 'a(GLQ)-NH3']	[254.14992, 1.494e-05, 'b(GIT)-H2O']	[254.14992, 1.494e-05, 'b(GLT)-H2O']	[254.14992, 1.494e-05, 'y(GPV)-H2O']	[254.14992, 1.494e-05, 'a(KST)-H2O-NH3']	[254.14992, 1.494e-05, 'a(PTT)-H2O']
255.10905	255.10878	898.7	8.3%	[255.10878, 2.5e-06, 'b(DR)-NH3']	[255.10878, 2.5e-06, 'y(DR)-H2O-NH3']	[255.10878, 2.5e-06, 'a(ADN)-H2O']	[255.10878, 2.5e-06, 'a(ANN)-NH3']	[255.10878, 2.5e-06, 'b(ANS)-H2O']	[255.10878, 2.5e-06, 'a(DGQ)-H2O']	[255.10878, 2.5e-06, 'a(EGN)-H2O']	[255.10878, 2.5e-06, 'a(GNQ)-NH3']	[255.10878, 2.5e-06, 'b(GNT)-H2O']	[255.10878, 2.5e-06, 'b(GQS)-H2O']
255.14541	255.14514	1813.4	13.5%	[255.14517, -2.76e-05, 'y(HV)']	[255.14517, -2.76e-05, 'a(ANP)']	[255.14517, -2.76e-05, 'a(GPQ)']	[255.14517, -2.76e-05, 'y(PR)-NH3']	[255.14517, -2.76e-05, 'a(AQT)-H2O']	[255.14517, -2.76e-05, 'a(DGK)-H2O']	[255.14517, -2.76e-05, 'a(GKN)-NH3']	[255.14517, -2.76e-05, 'b(GKS)-H2O']	[255.14517, -2.76e-05, 'a(NSV)-H2O']
256.12943	256.12916	1074.1	9.6%	[256.12918, -2.01e-05, 'a(ADP)']	[256.12918, -2.01e-05, 'b(APS)']	[256.12918, -2.01e-05, 'a(EGP)']	[256.12918, -2.01e-05, 'b(GPT)']	[256.12918, -2.01e-05, 'a(AET)-H2O']	[256.12918, -2.01e-05, 'a(AQT)-NH3']	[256.12918, -2.01e-05, 'b(ATT)-H2O']	[256.12918, -2.01e-05, 'y(APS)-H2O']	[256.12918, -2.01e-05, 'a(DGK)-NH3']	[256.12918, -2.01e-05, 'a(DSV)-H2O']	[256.12918, -2.01e-05, 'b(GKS)-NH3']	[256.12918, -2.01e-05, 'y(GKS)-H2O-NH3']	[256.12918, -2.01e-05, 'y(GPT)-H2O']	[256.12918, -2.01e-05, 'a(NSV)-NH3']	[256.12918, -2.01e-05, 'b(SSV)-H2O']
258.1087	258.10843	1651.9	13.0%	[258.10845, -2.51e-05, 'b(EQ)']	[258.10845, -2.51e-05, 'b(AAD)']	[258.10845, -2.51e-05, 'b(AEG)']	[258.10845, -2.51e-05, 'y(EQ)-H2O']	[258.10845, -2.51e-05, 'y(QQ)-NH3']	[258.10845, -2.51e-05, 'y(AAD)-H2O']	[258.10845, -2.51e-05, 'y(AAN)-NH3']	[258.10845, -2.51e-05, 'y(AEG)-H2O']	[258.10845, -2.51e-05, 'y(AGQ)-NH3']	[258.10845, -2.51e-05, 'a(DST)-H2O']	[258.10845, -2.51e-05, 'a(ESS)-H2O']	[258.10845, -2.51e-05, 'a(NST)-NH3']	[258.10845, -2.51e-05, 'a(QSS)-NH3']	[258.10845, -2.51e-05, 'b(SST)-H2O']
259.09273	259.09245	850.1	6.2%	[259.09246, -7.57e-06, 'b(EE)']	[259.09246, -7.57e-06, 'y(EE)-H2O']	[259.09246, -7.57e-06, 'y(EQ)-NH3']	[259.09246, -7.57e-06, 'y(AAD)-NH3']	[259.09246, -7.57e-06, 'y(AEG)-NH3']	[259.09246, -7.57e-06, 'a(DST)-NH3']	[259.09246, -7.57e-06, 'a(ESS)-NH3']	[259.09246, -7.57e-06, 'b(SST)-NH3']	[259.09246, -7.57e-06, 'y(SST)-H2O-NH3']
259.19706	259.19678	1245.7	8.4%
261.16004	261.15976	810.0	6.6%	[261.15975, 7.29e-06, 'b(FI)']	[261.15975, 7.29e-06, 'b(FL)']	[261.15975, 7.29e-06, 'y(FI)-H2O']	[261.15975, 7.29e-06, 'y(FL)-H2O']	[261.15975, 7.29e-06, 'b(PVV)-H2O-NH3']
266.15017	266.14988	930.9	9.2%	[266.14992, -4.466e-05, 'b(APP)']	[266.14992, -4.466e-05, 'a(AEK)-H2O-NH3']	[266.14992, -4.466e-05, 'b(AKT)-H2O-NH3']	[266.14992, -4.466e-05, 'y(APP)-H2O']	[266.14992, -4.466e-05, 'a(DPV)-H2O']	[266.14992, -4.466e-05, 'b(GKP)-NH3']	[266.14992, -4.466e-05, 'y(GKP)-H2O-NH3']	[266.14992, -4.466e-05, 'a(INT)-H2O-NH3']	[266.14992, -4.466e-05, 'a(IQS)-H2O-NH3']	[266.14992, -4.466e-05, 'a(LNT)-H2O-NH3']	[266.14992, -4.466e-05, 'a(LQS)-H2O-NH3']	[266.14992, -4.466e-05, 'a(NPV)-NH3']	[266.14992, -4.466e-05, 'b(PSV)-H2O']	[266.14992, -4.466e-05, 'a(QTV)-H2O-NH3']
267.10903	267.10874	1033.6	9.1%	[267.10878, -4.686e-05, 'b(EH)']	[267.10878, -4.686e-05, 'y(EH)-H2O']	[267.10878, -4.686e-05, 'y(HQ)-NH3']	[267.10878, -4.686e-05, 'y(AGH)-NH3']	[267.10878, -4.686e-05, 'a(HSS)-NH3']	[267.10878, -4.686e-05, 'a(NNT)-H2O-NH3']	[267.10878, -4.686e-05, 'a(NQS)-H2O-NH3']
268.16583	268.16554	1127.6	11.2%	[268.16557, -3.925e-05, 'b(APV)']	[268.16557, -3.925e-05, 'b(GIP)']	[268.16557, -3.925e-05, 'b(GLP)']	[268.16557, -3.925e-05, 'a(PPT)']	[268.16557, -3.925e-05, 'a(AEI)-H2O']	[268.16557, -3.925e-05, 'a(AEL)-H2O']	[268.16557, -3.925e-05, 'a(AIQ)-NH3']	[268.16557, -3.925e-05, 'a(ALQ)-NH3']	[268.16557, -3.925e-05, 'b(AIT)-H2O']	[268.16557, -3.925e-05, 'b(ALT)-H2O']	[268.16557, -3.925e-05, 'y(APV)-H2O']	[268.16557, -3.925e-05, 'a(DVV)-H2O']	[268.16557, -3.925e-05, 'b(GKV)-NH3']	[268.16557, -3.925e-05, 'y(GIP)-H2O']	[268.16557, -3.925e-05, 'y(GKV)-H2O-NH3']	[268.16557, -3.925e-05, 'y(GLP)-H2O']	[268.16557, -3.925e-05, 'a(KPS)-NH3']	[268.16557, -3.925e-05, 'a(KTT)-H2O-NH3']	[268.16557, -3.925e-05, 'a(NVV)-NH3']	[268.16557, -3.925e-05, 'b(SVV)-H2O']
269.12469	269.1244	1529.2	12.7%	[269.12443, -4.137e-05, 'b(GNP)']	[269.12443, -4.137e-05, 'b(ER)-NH3']	[269.12443, -4.137e-05, 'y(ER)-H2O-NH3']	[269.12443, -4.137e-05, 'a(ADQ)-H2O']	[269.12443, -4.137e-05, 'a(AEN)-H2O']	[269.12443, -4.137e-05, 'a(ANQ)-NH3']	[269.12443, -4.137e-05, 'b(ANT)-H2O']	[269.12443, -4.137e-05, 'b(AQS)-H2O']	[269.12443, -4.137e-05, 'a(EGQ)-H2O']	[269.12443, -4.137e-05, 'a(GQQ)-NH3']	[269.12443, -4.137e-05, 'b(GQT)-H2O']	[269.12443, -4.137e-05, 'y(GNP)-H2O']
270.10874	270.10845	957.4	10.5%	[270.10845, -1.351e-05, 'b(DGP)']	[270.10845, -1.351e-05, 'a(ADE)-H2O']	[270.10845, -1.351e-05, 'a(ADQ)-NH3']	[270.10845, -1.351e-05, 'a(AEN)-NH3']	[270.10845, -1.351e-05, 'b(ADT)-H2O']	[270.10845, -1.351e-05, 'b(AES)-H2O']	[270.10845, -1.351e-05, 'b(ANT)-NH3']	[270.10845, -1.351e-05, 'b(AQS)-NH3']	[270.10845, -1.351e-05, 'y(ANT)-H2O-NH3']	[270.10845, -1.351e-05, 'y(AQS)-H2O-NH3']	[270.10845, -1.351e-05, 'y(DGP)-H2O']	[270.10845, -1.351e-05, 'a(EEG)-H2O']	[270.10845, -1.351e-05, 'a(EGQ)-NH3']	[270.10845, -1.351e-05, 'b(EGT)-H2O']	[270.10845, -1.351e-05, 'b(GQT)-NH3']	[270.10845, -1.351e-05, 'y(GNP)-NH3']	[270.10845, -1.351e-05, 'y(GQT)-H2O-NH3']
270.14511	270.14482	936.3	9.7%	[270.14483, -2.359e-05, 'a(AEP)']	[270.14483, -2.359e-05, 'b(APT)']	[270.14483, -2.359e-05, 'y(GPP)']	[270.14483, -2.359e-05, 'a(ADK)-NH3']	[270.14483, -2.359e-05, 'b(AKS)-NH3']	[270.14483, -2.359e-05, 'y(AKS)-H2O-NH3']	[270.14483, -2.359e-05, 'y(APT)-H2O']	[270.14483, -2.359e-05, 'a(DIS)-H2O']	[270.14483, -2.359e-05, 'a(DLS)-H2O']	[270.14483, -2.359e-05, 'a(DTV)-H2O']	[270.14483, -2.359e-05, 'a(EGK)-NH3']	[270.14483, -2.359e-05, 'a(ESV)-H2O']	[270.14483, -2.359e-05, 'b(GKT)-NH3']	[270.14483, -2.359e-05, 'y(GKT)-H2O-NH3']	[270.14483, -2.359e-05, 'a(INS)-NH3']	[270.14483, -2.359e-05, 'b(ISS)-H2O']	[270.14483, -2.359e-05, 'a(LNS)-NH3']	[270.14483, -2.359e-05, 'b(LSS)-H2O']	[270.14483, -2.359e-05, 'a(NTV)-NH3']	[270.14483, -2.359e-05, 'a(QSV)-NH3']	[270.14483, -2.359e-05, 'b(STV)-H2O']
271.17676	271.17646	1597.5	9.4%	[271.17647, -1.578e-05, 'a(AIN)']	[271.17647, -1.578e-05, 'a(ALN)']	[271.17647, -1.578e-05, 'a(AQV)']	[271.17647, -1.578e-05, 'b(AAK)']	[271.17647, -1.578e-05, 'a(GIQ)']	[271.17647, -1.578e-05, 'a(GLQ)']	[271.17647, -1.578e-05, 'y(IR)-NH3']	[271.17647, -1.578e-05, 'y(LR)-NH3']	[271.17647, -1.578e-05, 'y(AAK)-H2O']	[271.17647, -1.578e-05, 'a(KST)-H2O']
272.17197	272.17167	1515.6	9.2%	[272.17172, -5.783e-05, 'y(PR)']	[272.17172, -5.783e-05, 'a(GKN)']
273.21268	273.21238	5173.4	36.7%
274.09231	274.09201	1099.1	4.8%
280.16584	280.16553	1150.1	12.0%	[280.16557, -5.245e-05, 'b(AKP)-NH3']	[280.16557, -5.245e-05, 'y(AKP)-H2O-NH3']	[280.16557, -5.245e-05, 'a(DIP)-H2O']	[280.16557, -5.245e-05, 'a(DKV)-H2O-NH3']	[280.16557, -5.245e-05, 'a(DLP)-H2O']	[280.16557, -5.245e-05, 'a(EPV)-H2O']	[280.16557, -5.245e-05, 'a(INP)-NH3']	[280.16557, -5.245e-05, 'a(IQT)-H2O-NH3']	[280.16557, -5.245e-05, 'b(IPS)-H2O']	[280.16557, -5.245e-05, 'b(KSV)-H2O-NH3']	[280.16557, -5.245e-05, 'a(LNP)-NH3']	[280.16557, -5.245e-05, 'a(LQT)-H2O-NH3']	[280.16557, -5.245e-05, 'b(LPS)-H2O']	[280.16557, -5.245e-05, 'a(PQV)-NH3']	[280.16557, -5.245e-05, 'b(PTV)-H2O']
280.22052	280.22021	783.3	4.5%
283.14036	283.14004	877.8	8.5%	[283.14008, -4.706e-05, 'b(ANP)']	[283.14008, -4.706e-05, 'b(GPQ)']	[283.14008, -4.706e-05, 'a(AEQ)-H2O']	[283.14008, -4.706e-05, 'a(AQQ)-NH3']	[283.14008, -4.706e-05, 'b(AQT)-H2O']	[283.14008, -4.706e-05, 'y(ANP)-H2O']	[283.14008, -4.706e-05, 'a(DNV)-H2O']	[283.14008, -4.706e-05, 'b(DGK)-H2O']	[283.14008, -4.706e-05, 'b(GKN)-NH3']	[283.14008, -4.706e-05, 'y(GKN)-H2O-NH3']	[283.14008, -4.706e-05, 'y(GPQ)-H2O']	[283.14008, -4.706e-05, 'a(NNV)-NH3']	[283.14008, -4.706e-05, 'b(NSV)-H2O']
284.12434	284.12402	2238.8	17.7%	[284.1241, -8.85e-05, 'b(ADP)']	[284.1241, -8.85e-05, 'b(EGP)']	[284.1241, -8.85e-05, 'a(AEE)-H2O']	[284.1241, -8.85e-05, 'a(AEQ)-NH3']	[284.1241, -8.85e-05, 'b(AET)-H2O']	[284.1241, -8.85e-05, 'b(AQT)-NH3']	[284.1241, -8.85e-05, 'y(ADP)-H2O']	[284.1241, -8.85e-05, 'y(ANP)-NH3']	[284.1241, -8.85e-05, 'y(AQT)-H2O-NH3']	[284.1241, -8.85e-05, 'a(DDV)-H2O']	[284.1241, -8.85e-05, 'a(DNV)-NH3']	[284.1241, -8.85e-05, 'b(DGK)-NH3']	[284.1241, -8.85e-05, 'b(DSV)-H2O']	[284.1241, -8.85e-05, 'y(DGK)-H2O-NH3']	[284.1241, -8.85e-05, 'y(EGP)-H2O']	[284.1241, -8.85e-05, 'y(GPQ)-NH3']	[284.1241, -8.85e-05, 'b(NSV)-NH3']	[284.1241, -8.85e-05, 'y(NSV)-H2O-NH3']
284.1608	284.16048	869.1	8.8%	[284.16048, -8.55e-06, 'y(APP)']	[284.16048, -8.55e-06, 'a(DPV)']	[284.16048, -8.55e-06, 'b(PSV)']	[284.16048, -8.55e-06, 'a(AEK)-NH3']	[284.16048, -8.55e-06, 'b(AKT)-NH3']	[284.16048, -8.55e-06, 'y(AKT)-H2O-NH3']	[284.16048, -8.55e-06, 'a(DIT)-H2O']	[284.16048, -8.55e-06, 'a(DLT)-H2O']	[284.16048, -8.55e-06, 'a(EIS)-H2O']	[284.16048, -8.55e-06, 'a(ELS)-H2O']	[284.16048, -8.55e-06, 'a(ETV)-H2O']	[284.16048, -8.55e-06, 'y(GKP)-NH3']	[284.16048, -8.55e-06, 'a(INT)-NH3']	[284.16048, -8.55e-06, 'a(IQS)-NH3']	[284.16048, -8.55e-06, 'b(IST)-H2O']	[284.16048, -8.55e-06, 'a(LNT)-NH3']	[284.16048, -8.55e-06, 'a(LQS)-NH3']	[284.16048, -8.55e-06, 'b(LST)-H2O']	[284.16048, -8.55e-06, 'y(PSV)-H2O']	[284.16048, -8.55e-06, 'a(QTV)-NH3']	[284.16048, -8.55e-06, 'b(TTV)-H2O']
286.15128	286.15096	786.8	6.0%	[286.15098, -3.132e-05, 'b(ER)']	[286.15098, -3.132e-05, 'a(ANQ)']	[286.15098, -3.132e-05, 'a(GQQ)']	[286.15098, -3.132e-05, 'y(ER)-H2O']	[286.15098, -3.132e-05, 'y(QR)-NH3']	[286.15098, -3.132e-05, 'y(AGR)-NH3']	[286.15098, -3.132e-05, 'a(RSS)-NH3']
287.19197	287.19165	3831.6	25.4%	[287.19167, -3.27e-05, 'b(G)+TMT']
288.20336	288.20303	1314.5	9.9%	[288.20302, 6e-06, 'y(IR)']	[288.20302, 6e-06, 'y(LR)']
289.20763	289.2073	2643.2	22.0%
298.14006	298.13972	1237.7	13.0%	[298.13975, -3.465e-05, 'b(AEP)']	[298.13975, -3.465e-05, 'b(ADK)-NH3']	[298.13975, -3.465e-05, 'y(ADK)-H2O-NH3']	[298.13975, -3.465e-05, 'y(AEP)-H2O']	[298.13975, -3.465e-05, 'y(APQ)-NH3']	[298.13975, -3.465e-05, 'a(DDI)-H2O']	[298.13975, -3.465e-05, 'a(DDL)-H2O']	[298.13975, -3.465e-05, 'a(DEV)-H2O']	[298.13975, -3.465e-05, 'a(DIN)-NH3']	[298.13975, -3.465e-05, 'a(DLN)-NH3']	[298.13975, -3.465e-05, 'a(DQV)-NH3']	[298.13975, -3.465e-05, 'b(DIS)-H2O']	[298.13975, -3.465e-05, 'b(DLS)-H2O']	[298.13975, -3.465e-05, 'b(DTV)-H2O']	[298.13975, -3.465e-05, 'a(ENV)-NH3']	[298.13975, -3.465e-05, 'b(EGK)-NH3']	[298.13975, -3.465e-05, 'b(ESV)-H2O']	[298.13975, -3.465e-05, 'y(EGK)-H2O-NH3']	[298.13975, -3.465e-05, 'b(INS)-NH3']	[298.13975, -3.465e-05, 'y(INS)-H2O-NH3']	[298.13975, -3.465e-05, 'b(LNS)-NH3']	[298.13975, -3.465e-05, 'y(LNS)-H2O-NH3']	[298.13975, -3.465e-05, 'b(NTV)-NH3']	[298.13975, -3.465e-05, 'y(NTV)-H2O-NH3']	[298.13975, -3.465e-05, 'b(QSV)-NH3']	[298.13975, -3.465e-05, 'y(QSV)-H2O-NH3']
298.17645	298.17611	915.0	10.2%	[298.17613, -2.468e-05, 'a(DIP)']	[298.17613, -2.468e-05, 'a(DLP)']	[298.17613, -2.468e-05, 'a(EPV)']	[298.17613, -2.468e-05, 'b(IPS)']	[298.17613, -2.468e-05, 'b(LPS)']	[298.17613, -2.468e-05, 'b(PTV)']	[298.17613, -2.468e-05, 'y(AKP)-NH3']	[298.17613, -2.468e-05, 'a(DKV)-NH3']	[298.17613, -2.468e-05, 'a(EIT)-H2O']	[298.17613, -2.468e-05, 'a(ELT)-H2O']	[298.17613, -2.468e-05, 'a(IQT)-NH3']	[298.17613, -2.468e-05, 'b(ITT)-H2O']	[298.17613, -2.468e-05, 'y(IPS)-H2O']	[298.17613, -2.468e-05, 'b(KSV)-NH3']	[298.17613, -2.468e-05, 'y(KSV)-H2O-NH3']	[298.17613, -2.468e-05, 'a(LQT)-NH3']	[298.17613, -2.468e-05, 'b(LTT)-H2O']	[298.17613, -2.468e-05, 'y(LPS)-H2O']	[298.17613, -2.468e-05, 'y(PTV)-H2O']
299.19202	299.19168	832.1	8.3%
300.15574	300.1554	812.3	9.0%	[300.1554, -6.41e-06, 'b(ADI)']	[300.1554, -6.41e-06, 'b(ADL)']	[300.1554, -6.41e-06, 'b(AEV)']	[300.1554, -6.41e-06, 'a(EPT)']	[300.1554, -6.41e-06, 'b(EGI)']	[300.1554, -6.41e-06, 'b(EGL)']	[300.1554, -6.41e-06, 'b(PTT)']	[300.1554, -6.41e-06, 'y(PPS)']	[300.1554, -6.41e-06, 'y(ADI)-H2O']	[300.1554, -6.41e-06, 'y(ADL)-H2O']	[300.1554, -6.41e-06, 'y(AEV)-H2O']	[300.1554, -6.41e-06, 'y(AIN)-NH3']	[300.1554, -6.41e-06, 'y(ALN)-NH3']	[300.1554, -6.41e-06, 'y(AQV)-NH3']	[300.1554, -6.41e-06, 'a(DKT)-NH3']	[300.1554, -6.41e-06, 'a(EKS)-NH3']	[300.1554, -6.41e-06, 'y(EGI)-H2O']	[300.1554, -6.41e-06, 'y(EGL)-H2O']	[300.1554, -6.41e-06, 'y(GIQ)-NH3']	[300.1554, -6.41e-06, 'y(GLQ)-NH3']	[300.1554, -6.41e-06, 'b(KST)-NH3']	[300.1554, -6.41e-06, 'y(KST)-H2O-NH3']	[300.1554, -6.41e-06, 'y(PTT)-H2O']	[300.15673, -0.00133641, 'a(AHH)-H2O']
301.20766	301.20731	4302.7	27.1%	[301.20732, -7.28e-06, 'b(A)+TMT']
301.24401	301.24366	3942.5	24.3%
303.22332	303.22297	1776.0	12.6%
311.17172	311.17136	782.1	10.0%	[311.17138, -1.433e-05, 'b(NPV)']	[311.17138, -1.433e-05, 'b(AEK)-H2O']	[311.17138, -1.433e-05, 'b(AKQ)-NH3']	[311.17138, -1.433e-05, 'y(AKQ)-H2O-NH3']	[311.17138, -1.433e-05, 'a(DIQ)-H2O']	[311.17138, -1.433e-05, 'a(DLQ)-H2O']	[311.17138, -1.433e-05, 'a(EIN)-H2O']	[311.17138, -1.433e-05, 'a(ELN)-H2O']	[311.17138, -1.433e-05, 'a(EQV)-H2O']	[311.17138, -1.433e-05, 'a(INQ)-NH3']	[311.17138, -1.433e-05, 'b(INT)-H2O']	[311.17138, -1.433e-05, 'b(IQS)-H2O']	[311.17138, -1.433e-05, 'a(LNQ)-NH3']	[311.17138, -1.433e-05, 'b(LNT)-H2O']	[311.17138, -1.433e-05, 'b(LQS)-H2O']	[311.17138, -1.433e-05, 'y(NPV)-H2O']	[311.17138, -1.433e-05, 'a(QQV)-NH3']	[311.17138, -1.433e-05, 'b(QTV)-H2O']
312.1557	312.15534	958.5	11.7%	[312.1554, -5.493e-05, 'b(DPV)']	[312.1554, -5.493e-05, 'b(AEK)-NH3']	[312.1554, -5.493e-05, 'y(AEK)-H2O-NH3']	[312.1554, -5.493e-05, 'a(DEI)-H2O']	[312.1554, -5.493e-05, 'a(DEL)-H2O']	[312.1554, -5.493e-05, 'a(DIQ)-NH3']	[312.1554, -5.493e-05, 'a(DLQ)-NH3']	[312.1554, -5.493e-05, 'b(DIT)-H2O']	[312.1554, -5.493e-05, 'b(DLT)-H2O']	[312.1554, -5.493e-05, 'y(DPV)-H2O']	[312.1554, -5.493e-05, 'a(EEV)-H2O']	[312.1554, -5.493e-05, 'a(EIN)-NH3']	[312.1554, -5.493e-05, 'a(ELN)-NH3']	[312.1554, -5.493e-05, 'a(EQV)-NH3']	[312.1554, -5.493e-05, 'b(EIS)-H2O']	[312.1554, -5.493e-05, 'b(ELS)-H2O']	[312.1554, -5.493e-05, 'b(ETV)-H2O']	[312.1554, -5.493e-05, 'b(INT)-NH3']	[312.1554, -5.493e-05, 'b(IQS)-NH3']	[312.1554, -5.493e-05, 'y(INT)-H2O-NH3']	[312.1554, -5.493e-05, 'y(IQS)-H2O-NH3']	[312.1554, -5.493e-05, 'b(LNT)-NH3']	[312.1554, -5.493e-05, 'b(LQS)-NH3']	[312.1554, -5.493e-05, 'y(LNT)-H2O-NH3']	[312.1554, -5.493e-05, 'y(LQS)-H2O-NH3']	[312.1554, -5.493e-05, 'y(NPV)-NH3']	[312.1554, -5.493e-05, 'b(QTV)-NH3']	[312.1554, -5.493e-05, 'y(QTV)-H2O-NH3']
313.24407	313.24371	4100.8	43.9%	[313.24371, 4.41e-06, 'IK-NH3+TMT']
315.25969	315.25933	6182.8	38.8%
316.21856	316.2182	827.2	6.9%	[316.21822, -1.734e-05, 'a(GG)+TMT']
317.20256	317.2022	3218.8	23.4%	[317.20224, -3.79e-05, 'b(S)+TMT']
325.18738	325.18701	832.3	10.9%	[325.18703, -1.252e-05, 'b(INP)']	[325.18703, -1.252e-05, 'b(LNP)']	[325.18703, -1.252e-05, 'b(PQV)']	[325.18703, -1.252e-05, 'b(DKV)-H2O']	[325.18703, -1.252e-05, 'a(EIQ)-H2O']	[325.18703, -1.252e-05, 'a(ELQ)-H2O']	[325.18703, -1.252e-05, 'a(IQQ)-NH3']	[325.18703, -1.252e-05, 'b(IQT)-H2O']	[325.18703, -1.252e-05, 'y(INP)-H2O']	[325.18703, -1.252e-05, 'b(KNV)-NH3']	[325.18703, -1.252e-05, 'y(KNV)-H2O-NH3']	[325.18703, -1.252e-05, 'a(LQQ)-NH3']	[325.18703, -1.252e-05, 'b(LQT)-H2O']	[325.18703, -1.252e-05, 'y(LNP)-H2O']	[325.18703, -1.252e-05, 'y(PQV)-H2O']
326.17132	326.17095	885.0	9.7%	[326.17105, -9.312e-05, 'b(DIP)']	[326.17105, -9.312e-05, 'b(DLP)']	[326.17105, -9.312e-05, 'b(EPV)']	[326.17105, -9.312e-05, 'b(DKV)-NH3']	[326.17105, -9.312e-05, 'y(DIP)-H2O']	[326.17105, -9.312e-05, 'y(DKV)-H2O-NH3']	[326.17105, -9.312e-05, 'y(DLP)-H2O']	[326.17105, -9.312e-05, 'a(EEI)-H2O']	[326.17105, -9.312e-05, 'a(EEL)-H2O']	[326.17105, -9.312e-05, 'a(EIQ)-NH3']	[326.17105, -9.312e-05, 'a(ELQ)-NH3']	[326.17105, -9.312e-05, 'b(EIT)-H2O']	[326.17105, -9.312e-05, 'b(ELT)-H2O']	[326.17105, -9.312e-05, 'y(EPV)-H2O']	[326.17105, -9.312e-05, 'b(IQT)-NH3']	[326.17105, -9.312e-05, 'y(INP)-NH3']	[326.17105, -9.312e-05, 'y(IQT)-H2O-NH3']	[326.17105, -9.312e-05, 'b(LQT)-NH3']	[326.17105, -9.312e-05, 'y(LNP)-NH3']	[326.17105, -9.312e-05, 'y(LQT)-H2O-NH3']	[326.17105, -9.312e-05, 'y(PQV)-NH3']	[326.17238, -0.00142312, 'a(HHP)-H2O']
329.23893	329.23856	4316.6	28.7%	[329.23862, -5.506e-05, 'b(V)+TMT']
330.23418	330.23381	1497.2	11.5%	[330.23387, -5.573e-05, 'a(AG)+TMT']
330.27066	330.27029	2662.6	33.6%	[330.27026, 3.425e-05, 'IK+TMT']
331.21822	331.21785	3887.6	30.6%	[331.21789, -3.64e-05, 'b(T)+TMT']	[331.21622, 0.0016336, 'a(KMV)']
331.25469	331.25432	1722.1	24.8%
343.2546	343.25422	7432.6	45.7%	[343.25427, -4.606e-05, 'b(I)+TMT']	[343.25427, -4.606e-05, 'b(L)+TMT']
344.21345	344.21307	2026.4	17.4%	[344.21314, -6.691e-05, 'b(N)+TMT']	[344.21314, -6.691e-05, 'b(GG)+TMT']
344.25817	344.25779	1004.2	12.2%	[344.25767, 0.00012305, 'b(I)+i+TMT']	[344.25767, 0.00012305, 'b(L)+i+TMT']
345.1975	345.19712	2723.9	26.3%	[345.19715, -2.78e-05, 'b(D)+TMT']	[345.19614, 0.0009822, 'a(FFI)-H2O-NH3']	[345.19614, 0.0009822, 'a(FFL)-H2O-NH3']	[345.19549, 0.0016322, 'b(CIK)']	[345.19549, 0.0016322, 'b(CKL)']	[345.19549, 0.0016322, 'a(C[Carbamidomethyl]IV)']	[345.19549, 0.0016322, 'a(C[Carbamidomethyl]LV)']	[345.19549, 0.0016322, 'a(IMQ)']	[345.19549, 0.0016322, 'a(KM[Oxidation]P)']	[345.19549, 0.0016322, 'a(LMQ)']	[345.19549, 0.0016322, 'y(CIK)-H2O']	[345.19549, 0.0016322, 'y(CKL)-H2O']
349.24407	349.24369	1022.2	8.0%
358.22915	358.22876	2572.1	22.1%	[358.22879, -2.971e-05, 'b(Q)+TMT']	[358.22879, -2.971e-05, 'b(AG)+TMT']	[358.22712, 0.00164029, 'a(KKM[Oxidation])-H2O']
359.21312	359.21273	2779.3	23.9%	[359.2128, -7.058e-05, 'b(E)+TMT']	[359.21114, 0.00158942, 'a(C[Carbamidomethyl]II)']	[359.21114, 0.00158942, 'a(C[Carbamidomethyl]IL)']	[359.21114, 0.00158942, 'a(C[Carbamidomethyl]LL)']	[359.21114, 0.00158942, 'b(KMV)']	[359.21114, 0.00158942, 'a(KKM[Oxidation])-NH3']	[359.21114, 0.00158942, 'y(KMV)-H2O']
359.24963	359.24924	1410.7	22.7%	[359.24919, 4.939e-05, 'IK+CO+H2O-NH3+TMT']
365.23899	365.2386	851.1	6.0%
367.22947	367.22908	1227.2	12.0%	[367.22912, -4.724e-05, 'b(H)+TMT']
372.2812	372.2808	864.8	7.9%	[372.28082, -2.08e-05, 'a(AV)+TMT']	[372.28082, -2.08e-05, 'a(GI)+TMT']	[372.28082, -2.08e-05, 'a(GL)+TMT']
375.2731	375.2727	1054.0	23.2%
376.27602	376.27562	22892.0	87.6%	[376.27574, -0.00012312, 'IK+CO+H2O+TMT']	[376.27574, -0.00012312, 'y(K)+TMT']
377.23898	377.23858	1585.8	13.2%	[377.23862, -4.36e-05, 'b(F)+TMT']
377.27955	377.27915	5457.5	59.1%	[377.27914, 6.38e-06, 'y(K)+i+TMT']
386.26045	386.26004	2246.9	32.6%	[386.26009, -4.63e-05, 'b(GV)+TMT']	[386.26009, -4.63e-05, 'a(PS)+TMT']
388.23969	388.23928	936.6	9.9%	[388.23935, -6.639e-05, 'a(AD)+TMT']	[388.23935, -6.639e-05, 'b(AS)+TMT']	[388.23935, -6.639e-05, 'a(EG)+TMT']	[388.23935, -6.639e-05, 'b(GT)+TMT']	[388.23769, 0.00159361, 'b(KKM)']
390.20115	390.20074	891.8	7.9%	[390.20086, -0.00011627, 'b(C[Carbamidomethyl])+TMT']	[390.20086, -0.00011627, 'b(CG)+TMT']	[390.20235, -0.00160627, 'b(EFI)']	[390.20235, -0.00160627, 'b(EFL)']
393.23386	393.23345	1145.6	9.7%	[393.23354, -8.564e-05, 'b(Y)+TMT']
