100.07624	100.0757	46.8	1.7%	[100.07569, -1.061e-05, 'b(V)']	[100.07569, -1.061e-05, 'y(V)-H2O']
101.07151	101.07097	3389.6	78.2%	[101.07094, 1.616e-05, 'IQ']	[101.07094, 1.616e-05, 'a(AG)']
101.10785	101.10731	342.1	20.9%	[101.10732, -2.359e-05, 'IK']
102.05552	102.05498	4339.2	82.7%	[102.05495, 2.285e-05, 'IE']	[102.05495, 2.285e-05, 'b(T)']	[102.05495, 2.285e-05, 'y(T)-H2O']
103.05472	103.05419	85.6	3.7%	[103.05423, -5.037e-05, 'IF-NH3']
104.0534	104.05287	2857.2	53.1%	[104.05285, 1.639e-05, 'IM']
105.06638	105.06585	204.6	7.4%	[105.06585, 3.22e-06, 'C3H9N2O2']
106.04918	106.04866	80.3	3.5%	[106.04853, 0.00012983, 'CH6N4O2']
110.07181	110.07131	7749.5	84.5%	[110.07127, 4.648e-05, 'IH']
111.07524	111.07474	190.0	12.2%	[111.07467, 8.3e-05, 'IH+i']
112.08737	112.08688	944.6	53.7%	[112.08692, -3.047e-05, 'IR-NH3']
113.07139	113.0709	367.4	20.8%	[113.07094, -2.419e-05, 'a(AS)-H2O']	[113.07094, -2.419e-05, 'a(GT)-H2O']
114.09182	114.09134	79.8	2.2%	[114.09134, 1.225e-05, 'b(I)']	[114.09134, 1.225e-05, 'b(L)']	[114.09134, 1.225e-05, 'y(I)-H2O']	[114.09134, 1.225e-05, 'y(L)-H2O']
115.0507	115.05023	209.6	9.5%	[115.0502, 3.823e-05, 'b(N)']	[115.0502, 3.823e-05, 'b(GG)']	[115.0502, 3.823e-05, 'y(N)-H2O']	[115.0502, 3.823e-05, 'y(GG)-H2O']
115.08706	115.08659	962.5	47.7%	[115.08659, 8.46e-06, 'a(AA)']
116.01691	116.01644	68.9	3.2%	[116.01646, -5.81e-06, 'IC[Carbamidomethyl]-NH3']	[116.01646, -5.81e-06, 'a(CG)-NH3']
116.07105	116.07058	716.1	38.6%	[116.0706, -5.48e-06, 'y(P)']	[116.0706, -5.48e-06, 'IR+H2O+H2O-N3H7']
117.06628	117.06582	87.6	4.0%	[117.06585, -1.943e-05, 'a(GS)']
117.10271	117.10225	123.1	4.1%	[117.10224, 2.079e-05, 'C5H13N2O']
119.04955	119.0491	221.8	13.0%	[119.04914, -2.762e-05, 'IY-NH3']
119.08199	119.08154	183.9	5.4%	[119.0815, 5.257e-05, 'C4H11N2O2']
120.08124	120.0808	4561.7	70.1%	[120.08078, 2.837e-05, 'IF']
121.08464	121.08421	335.9	16.7%	[121.08418, 3.409e-05, 'IF+i']
126.05535	126.05495	156.8	10.3%	[126.05495, 8.3e-07, 'b(AA)-NH3']	[126.05495, 8.3e-07, 'y(AA)-H2O-NH3']	[126.05495, 8.3e-07, 'a(ST)-H2O-NH3']
126.09172	126.09132	105.6	2.3%	[126.09134, -1.899e-05, 'a(AV)-NH3']	[126.09134, -1.899e-05, 'a(GI)-NH3']	[126.09134, -1.899e-05, 'a(GL)-NH3']
127.05058	127.05019	126.7	7.9%	[127.0502, -1.418e-05, 'a(DG)-H2O']	[127.0502, -1.418e-05, 'a(GN)-NH3']	[127.0502, -1.418e-05, 'b(GS)-H2O']	[127.0502, -1.418e-05, 'a(GGG)-NH3']
127.08698	127.08659	671.0	26.2%	[127.08659, -4e-06, 'a(GP)']	[127.08659, -4e-06, 'a(AT)-H2O']
128.10735	128.10696	149.2	5.2%	[128.10699, -2.901e-05, 'C7H14NO']
129.06624	129.06586	1275.5	56.8%	[129.06585, 5.55e-06, 'IQ+CO']	[129.06585, 5.55e-06, 'b(Q)']	[129.06585, 5.55e-06, 'b(AG)']	[129.06585, 5.55e-06, 'y(Q)-H2O']	[129.06585, 5.55e-06, 'y(AG)-H2O']	[129.06585, 5.55e-06, 'a(SS)-H2O']
129.09282	129.09244	53.8	2.5%
129.10264	129.10226	12156.0	97.4%	[129.10224, 1.572e-05, 'IK+CO']	[129.10224, 1.572e-05, 'b(K)']	[129.10224, 1.572e-05, 'a(GV)']	[129.10224, 1.572e-05, 'IK+CO+H2O-H2O']	[129.10224, 1.572e-05, 'y(K)-H2O']
129.11289	129.11251	130.0	8.1%	[129.11347, -0.00096423, 'IR']
130.05023	130.04986	305.9	21.6%	[130.04987, -1.99e-05, 'b(E)']	[130.04987, -1.99e-05, 'y(E)-H2O']	[130.04987, -1.99e-05, 'y(Q)-NH3']	[130.04987, -1.99e-05, 'y(AG)-NH3']	[130.04987, -1.99e-05, 'a(SS)-NH3']
130.06552	130.06515	125.4	6.9%	[130.06513, 1.017e-05, 'IW-CH3N']	[130.06513, 1.017e-05, 'b(F)-H2O']
130.08671	130.08634	4051.6	85.5%	[130.08626, 7.027e-05, 'IK+CO+H2O-NH3']	[130.08626, 7.027e-05, 'y(K)-NH3']
130.09685	130.09648	55.0	4.3%	[130.09749, -0.00101968, 'C5H12N3O']
130.10595	130.10558	473.9	37.6%	[130.10564, -6.964e-05, 'b(K)+i']	[130.10564, -6.964e-05, 'y(K)+i-H2O']
131.08172	131.08135	329.7	14.1%	[131.0815, -0.00015527, 'a(AS)']	[131.0815, -0.00015527, 'a(GT)']
131.09034	131.08997	61.5	6.0%	[131.08966, 0.00030477, 'y(K)+i-NH3']
131.11823	131.11786	349.8	12.4%	[131.11789, -3.511e-05, 'C6H15N2O']
132.07712	132.07676	57.5	2.7%	[132.07675, -9.5e-07, 'C4H10N3O2']
132.08111	132.08075	94.5	4.8%	[132.08078, -4.094e-05, 'IW-CHN']	[132.08078, -4.094e-05, 'a(PP)-H2O-NH3']
133.04336	133.043	445.6	22.2%	[133.04301, -1.69e-05, 'IC[Carbamidomethyl]']	[133.04301, -1.69e-05, 'a(CG)']
133.0611	133.06074	232.5	10.7%	[133.06077, -3.683e-05, 'y(N)']	[133.06077, -3.683e-05, 'y(GG)']
136.06218	136.06184	61.5	3.0%
136.07605	136.07571	6213.8	83.0%	[136.07569, 4.9e-06, 'IY']	[136.07569, 4.9e-06, 'b(AV)-H2O-NH3']	[136.07569, 4.9e-06, 'b(GI)-H2O-NH3']	[136.07569, 4.9e-06, 'b(GL)-H2O-NH3']	[136.07569, 4.9e-06, 'a(PT)-H2O-NH3']
137.07948	137.07914	418.5	27.0%	[137.07909, 3.848e-05, 'IY+i']
138.06651	138.06618	138.2	9.9%	[138.06619, -2.816e-05, 'b(H)']	[138.06619, -2.816e-05, 'IH+CO+H2O-H2O']	[138.06619, -2.816e-05, 'y(H)-H2O']
140.07096	140.07063	140.1	6.1%	[140.0706, 1.817e-05, 'b(GV)-NH3']	[140.0706, 1.817e-05, 'y(GV)-H2O-NH3']	[140.0706, 1.817e-05, 'a(PS)-NH3']	[140.0706, 1.817e-05, 'a(TT)-H2O-NH3']
141.06614	141.06582	439.1	27.2%	[141.06585, -4.894e-05, 'a(AD)-H2O']	[141.06585, -4.894e-05, 'a(AN)-NH3']	[141.06585, -4.894e-05, 'b(AS)-H2O']	[141.06585, -4.894e-05, 'a(EG)-H2O']	[141.06585, -4.894e-05, 'a(GQ)-NH3']	[141.06585, -4.894e-05, 'b(GT)-H2O']	[141.06585, -4.894e-05, 'a(AGG)-NH3']
141.10255	141.10223	462.1	25.5%	[141.10224, -2.884e-05, 'a(AP)']	[141.10224, -2.884e-05, 'a(GK)-NH3']	[141.10224, -2.884e-05, 'a(SV)-H2O']
142.12298	142.12266	98.7	4.1%	[142.12264, 3.93e-06, 'C8H16NO']
143.08187	143.08155	386.0	21.0%	[143.0815, 3.637e-05, 'b(AA)']	[143.0815, 3.637e-05, 'y(AA)-H2O']	[143.0815, 3.637e-05, 'a(ST)-H2O']
143.11822	143.1179	964.3	35.8%	[143.11789, -3.54e-06, 'a(AV)']	[143.11789, -3.54e-06, 'a(GI)']	[143.11789, -3.54e-06, 'a(GL)']
144.06582	144.0655	46.7	2.7%	[144.06552, -3.131e-05, 'y(AA)-NH3']	[144.06552, -3.131e-05, 'a(ST)-NH3']
144.08114	144.08082	68.5	1.9%	[144.08078, 2.873e-05, 'C10H10N']
145.0611	145.06078	178.0	11.7%	[145.06077, 8.7e-07, 'a(DG)']	[145.06077, 8.7e-07, 'b(GS)']	[145.06077, 8.7e-07, 'y(GS)-H2O']
145.09748	145.09716	335.4	12.7%	[145.09715, 9.4e-07, 'a(AT)']
146.06371	146.06339	56.6	2.7%
147.0444	147.04408	82.5	5.3%	[147.04406, 1.464e-05, 'b(Y)-NH3']	[147.04406, 1.464e-05, 'y(Y)-H2O-NH3']
147.0768	147.07648	177.8	11.6%	[147.07642, 5.47e-05, 'y(Q)']	[147.07642, 5.47e-05, 'y(AG)']	[147.07642, 5.47e-05, 'a(SS)']
147.10081	147.10049	88.6	4.1%	[147.10023, 0.00025474, 'C5H13N3O2']
147.11314	147.11282	7371.4	94.3%	[147.1128, 1.476e-05, 'IK+CO+H2O']	[147.1128, 1.476e-05, 'y(K)']
148.11649	148.11617	237.9	22.3%	[148.1162, -3.363e-05, 'y(K)+i']
149.04522	149.0449	158.4	5.7%	[149.04608, -0.00118231, 'b(M[Oxidation])+i']	[149.04608, -0.00118231, 'y(M[Oxidation])+i-H2O']
149.07466	149.07434	99.9	3.4%
150.05864	150.05832	39.8	1.6%	[150.05833, -1.105e-05, 'y(M)']
153.06614	153.06582	55.4	4.9%	[153.06585, -2.84e-05, 'a(NT)-H2O-NH3']	[153.06585, -2.84e-05, 'a(QS)-H2O-NH3']	[153.06585, -2.84e-05, 'a(AGS)-H2O-NH3']	[153.06585, -2.84e-05, 'a(GGT)-H2O-NH3']
154.09782	154.0975	50.4	1.9%	[154.09749, 1.215e-05, 'a(AQ)-H2O']	[154.09749, 1.215e-05, 'a(AAG)-H2O']
155.08172	155.0814	654.3	39.5%	[155.0815, -9.749e-05, 'b(GP)']	[155.0815, -9.749e-05, 'a(AE)-H2O']	[155.0815, -9.749e-05, 'a(AQ)-NH3']	[155.0815, -9.749e-05, 'b(AT)-H2O']	[155.0815, -9.749e-05, 'y(GP)-H2O']	[155.0815, -9.749e-05, 'a(AAG)-NH3']
155.11816	155.11784	171.3	15.0%	[155.11789, -4.748e-05, 'a(AK)-NH3']	[155.11789, -4.748e-05, 'a(IS)-H2O']	[155.11789, -4.748e-05, 'a(LS)-H2O']	[155.11789, -4.748e-05, 'a(TV)-H2O']
156.07705	156.07673	138.6	10.7%	[156.07675, -1.728e-05, 'IH+CO+H2O']	[156.07675, -1.728e-05, 'y(H)']	[156.07675, -1.728e-05, 'a(NS)-H2O']	[156.07675, -1.728e-05, 'a(GGS)-H2O']
157.06106	157.06074	182.0	14.7%	[157.06077, -2.723e-05, 'a(DS)-H2O']	[157.06077, -2.723e-05, 'a(NS)-NH3']	[157.06077, -2.723e-05, 'b(SS)-H2O']	[157.06077, -2.723e-05, 'a(GGS)-NH3']
157.09727	157.09695	308.7	21.2%	[157.09715, -0.00019723, 'b(GV)']	[157.09715, -0.00019723, 'a(PS)']	[157.09715, -0.00019723, 'y(GV)-H2O']	[157.09715, -0.00019723, 'a(TT)-H2O']
157.10919	157.10887	106.1	12.8%	[157.10839, 0.00048277, 'b(R)']	[157.10839, 0.00048277, 'IK+CO+H2ON2-H2O']	[157.10839, 0.00048277, 'IR+CO+H2O-H2O']	[157.10839, 0.00048277, 'y(R)-H2O']
157.13385	157.13353	583.9	26.2%	[157.13354, -7.23e-06, 'a(AI)']	[157.13354, -7.23e-06, 'a(AL)']
158.09269	158.09236	1095.9	60.3%	[158.0924, -2.733e-05, 'a(AN)']	[158.0924, -2.733e-05, 'a(GQ)']	[158.0924, -2.733e-05, 'a(AGG)']	[158.0924, -2.733e-05, 'IK+CO+H2ON2-NH3']	[158.0924, -2.733e-05, 'IR+CO+H2O-NH3']	[158.0924, -2.733e-05, 'y(R)-NH3']
159.0768	159.07647	704.3	40.0%	[159.07642, 6.243e-05, 'a(AD)']	[159.07642, 6.243e-05, 'b(AS)']	[159.07642, 6.243e-05, 'a(EG)']	[159.07642, 6.243e-05, 'b(GT)']	[159.07642, 6.243e-05, 'y(AS)-H2O']	[159.07642, 6.243e-05, 'y(GT)-H2O']
159.09194	159.09161	322.1	17.1%	[159.09167, -4.757e-05, 'IW']	[159.09167, -4.757e-05, 'a(FG)-H2O']
159.11313	159.1128	477.5	16.7%	[159.1128, 1.242e-05, 'a(SV)']
161.09239	161.09206	112.3	6.6%	[161.09207, 1.53e-06, 'y(AA)']	[161.09207, 1.53e-06, 'a(ST)']
165.10262	165.10228	68.5	3.5%	[165.10224, 5.827e-05, 'b(AK)-H2O-NH3']	[165.10224, 5.827e-05, 'a(IN)-H2O-NH3']	[165.10224, 5.827e-05, 'a(LN)-H2O-NH3']	[165.10224, 5.827e-05, 'a(QV)-H2O-NH3']	[165.10224, 5.827e-05, 'a(AGV)-H2O-NH3']	[165.10224, 5.827e-05, 'a(GGI)-H2O-NH3']	[165.10224, 5.827e-05, 'a(GGL)-H2O-NH3']
166.06151	166.06117	220.9	15.3%	[166.0611, 8.724e-05, 'a(NN)-H2O-NH3']	[166.0611, 8.724e-05, 'a(GGN)-H2O-NH3']
167.05585	167.05551	271.3	8.4%	[167.05502, 0.00050608, 'C5H11O6']
167.08171	167.08137	265.4	19.9%	[167.0815, -0.00011395, 'a(DP)-H2O']	[167.0815, -0.00011395, 'a(NP)-NH3']	[167.0815, -0.00011395, 'b(PS)-H2O']	[167.0815, -0.00011395, 'a(QT)-H2O-NH3']	[167.0815, -0.00011395, 'a(AAS)-H2O-NH3']	[167.0815, -0.00011395, 'a(AGT)-H2O-NH3']	[167.0815, -0.00011395, 'a(GGP)-NH3']
167.09332	167.09298	40.8	2.7%	[167.09274, 0.00025604, 'a(GH)']
169.06108	169.06073	125.6	9.8%	[169.06077, -1.65e-05, 'b(AD)-H2O']	[169.06077, -1.65e-05, 'b(AN)-NH3']	[169.06077, -1.65e-05, 'y(AN)-H2O-NH3']	[169.06077, -1.65e-05, 'b(EG)-H2O']	[169.06077, -1.65e-05, 'b(GQ)-NH3']	[169.06077, -1.65e-05, 'y(GQ)-H2O-NH3']	[169.06077, -1.65e-05, 'b(AGG)-NH3']	[169.06077, -1.65e-05, 'y(AGG)-H2O-NH3']	[169.06077, -1.65e-05, 'a(GSS)-H2O-NH3']
169.09746	169.09711	339.1	23.7%	[169.09715, -1.655e-05, 'b(AP)']	[169.09715, -1.655e-05, 'y(AP)-H2O']	[169.09715, -1.655e-05, 'a(DV)-H2O']	[169.09715, -1.655e-05, 'b(GK)-NH3']	[169.09715, -1.655e-05, 'y(GK)-H2O-NH3']	[169.09715, -1.655e-05, 'a(NV)-NH3']	[169.09715, -1.655e-05, 'b(SV)-H2O']	[169.09715, -1.655e-05, 'a(AAA)-NH3']	[169.09715, -1.655e-05, 'a(GGV)-NH3']
169.13387	169.13352	305.0	18.7%	[169.13354, 3.4e-06, 'a(PV)']	[169.13354, 3.4e-06, 'a(IT)-H2O']	[169.13354, 3.4e-06, 'a(LT)-H2O']
170.06037	170.06002	117.0	6.6%	[170.06004, 2.11e-06, 'IW+CO-NH3']	[170.06004, 2.11e-06, 'b(W)-NH3']	[170.06004, 2.11e-06, 'y(W)-H2O-NH3']	[170.06004, 2.11e-06, 'b(FG)-H2O-NH3']
170.09271	170.09236	59.2	3.6%	[170.0924, -1.794e-05, 'a(NT)-H2O']	[170.0924, -1.794e-05, 'a(QS)-H2O']	[170.0924, -1.794e-05, 'a(AGS)-H2O']	[170.0924, -1.794e-05, 'a(GGT)-H2O']
171.07673	171.07638	347.9	26.8%	[171.07642, -1.937e-05, 'a(DT)-H2O']	[171.07642, -1.937e-05, 'a(ES)-H2O']	[171.07642, -1.937e-05, 'a(NT)-NH3']	[171.07642, -1.937e-05, 'a(QS)-NH3']	[171.07642, -1.937e-05, 'b(ST)-H2O']	[171.07642, -1.937e-05, 'a(AGS)-NH3']	[171.07642, -1.937e-05, 'a(GGT)-NH3']
171.11312	171.11277	450.3	32.2%	[171.1128, -9.43e-06, 'b(AV)']	[171.1128, -9.43e-06, 'b(GI)']	[171.1128, -9.43e-06, 'b(GL)']	[171.1128, -9.43e-06, 'a(PT)']	[171.1128, -9.43e-06, 'y(AV)-H2O']	[171.1128, -9.43e-06, 'y(GI)-H2O']	[171.1128, -9.43e-06, 'y(GL)-H2O']	[171.1128, -9.43e-06, 'a(KS)-NH3']
171.14955	171.1492	220.0	7.6%	[171.14919, 3.052e-05, 'a(VV)']
172.11588	172.11553	50.0	3.6%
173.05606	173.05571	72.6	6.0%	[173.05568, 4.76e-05, 'b(DG)']	[173.05568, 4.76e-05, 'y(DG)-H2O']	[173.05568, 4.76e-05, 'y(GN)-NH3']	[173.05568, 4.76e-05, 'y(GGG)-NH3']
173.09247	173.09212	455.8	29.6%	[173.09207, 6.755e-05, 'a(AE)']	[173.09207, 6.755e-05, 'b(AT)']	[173.09207, 6.755e-05, 'y(GP)']	[173.09207, 6.755e-05, 'y(AT)-H2O']
173.12886	173.12851	965.8	41.3%	[173.12845, 7.749e-05, 'a(IS)']	[173.12845, 7.749e-05, 'a(LS)']	[173.12845, 7.749e-05, 'a(TV)']
175.07179	175.07144	167.0	12.1%	[175.07133, 0.00012439, 'a(DS)']	[175.07133, 0.00012439, 'b(SS)']	[175.07133, 0.00012439, 'y(SS)-H2O']
175.09051	175.09016	77.8	4.6%	[175.08996, 0.00021436, 'a(AM)']	[175.08996, 0.00021436, 'a(CV)']
175.11939	175.11904	5631.5	93.3%	[175.11895, 0.00010431, 'IK+CO+H2ON2']	[175.11895, 0.00010431, 'IR+CO+H2O']	[175.11895, 0.00010431, 'y(R)']
176.12239	176.12204	173.3	21.5%	[176.12235, -0.00029732, 'y(R)+i']
177.10265	177.1023	75.8	3.3%	[177.10224, 7.108e-05, 'a(FG)']	[177.10224, 7.108e-05, 'b(PP)-H2O']	[177.10224, 7.108e-05, 'a(AAP)-H2O-NH3']
181.06102	181.06067	152.4	15.2%	[181.06077, -9.523e-05, 'a(DQ)-H2O-NH3']	[181.06077, -9.523e-05, 'a(EN)-H2O-NH3']	[181.06077, -9.523e-05, 'b(NT)-H2O-NH3']	[181.06077, -9.523e-05, 'b(QS)-H2O-NH3']	[181.06077, -9.523e-05, 'a(ADG)-H2O-NH3']	[181.06077, -9.523e-05, 'b(AGS)-H2O-NH3']	[181.06077, -9.523e-05, 'a(EGG)-H2O-NH3']	[181.06077, -9.523e-05, 'b(GGT)-H2O-NH3']
181.09739	181.09704	143.0	11.1%	[181.09715, -0.00010529, 'a(DK)-H2O-NH3']	[181.09715, -0.00010529, 'a(EP)-H2O']	[181.09715, -0.00010529, 'b(KS)-H2O-NH3']	[181.09715, -0.00010529, 'a(PQ)-NH3']	[181.09715, -0.00010529, 'b(PT)-H2O']	[181.09715, -0.00010529, 'a(AAT)-H2O-NH3']	[181.09715, -0.00010529, 'a(AGP)-NH3']	[181.09715, -0.00010529, 'a(GSV)-H2O-NH3']
182.09288	182.09253	47.9	2.4%	[182.0924, 0.00013321, 'b(AQ)-H2O']	[182.0924, 0.00013321, 'b(AAG)-H2O']
182.12919	182.12884	52.6	3.5%	[182.12879, 5.316e-05, 'b(AK)-H2O']	[182.12879, 5.316e-05, 'a(IN)-H2O']	[182.12879, 5.316e-05, 'a(LN)-H2O']	[182.12879, 5.316e-05, 'a(QV)-H2O']	[182.12879, 5.316e-05, 'a(AGV)-H2O']	[182.12879, 5.316e-05, 'a(GGI)-H2O']	[182.12879, 5.316e-05, 'a(GGL)-H2O']
183.07677	183.07642	151.2	12.1%	[183.07642, 1.79e-06, 'b(AE)-H2O']	[183.07642, 1.79e-06, 'b(AQ)-NH3']	[183.07642, 1.79e-06, 'y(AQ)-H2O-NH3']	[183.07642, 1.79e-06, 'a(ASS)-H2O-NH3']	[183.07642, 1.79e-06, 'b(AAG)-NH3']	[183.07642, 1.79e-06, 'y(AAG)-H2O-NH3']	[183.07642, 1.79e-06, 'a(GST)-H2O-NH3']
183.1132	183.11285	620.8	37.9%	[183.1128, 5.174e-05, 'b(AK)-NH3']	[183.1128, 5.174e-05, 'y(AK)-H2O-NH3']	[183.1128, 5.174e-05, 'a(DI)-H2O']	[183.1128, 5.174e-05, 'a(DL)-H2O']	[183.1128, 5.174e-05, 'a(EV)-H2O']	[183.1128, 5.174e-05, 'a(IN)-NH3']	[183.1128, 5.174e-05, 'b(IS)-H2O']	[183.1128, 5.174e-05, 'a(LN)-NH3']	[183.1128, 5.174e-05, 'b(LS)-H2O']	[183.1128, 5.174e-05, 'a(QV)-NH3']	[183.1128, 5.174e-05, 'b(TV)-H2O']	[183.1128, 5.174e-05, 'a(AGV)-NH3']	[183.1128, 5.174e-05, 'a(GGI)-NH3']	[183.1128, 5.174e-05, 'a(GGL)-NH3']
183.14954	183.14919	195.5	15.2%	[183.14919, 1.68e-06, 'a(IP)']	[183.14919, 1.68e-06, 'a(LP)']	[183.14919, 1.68e-06, 'a(KV)-NH3']
184.10841	184.10806	59.0	4.6%	[184.10805, 1.036e-05, 'a(NP)']	[184.10805, 1.036e-05, 'a(GGP)']	[184.10805, 1.036e-05, 'a(QT)-H2O']	[184.10805, 1.036e-05, 'a(AAS)-H2O']	[184.10805, 1.036e-05, 'a(AGT)-H2O']
185.05605	185.0557	128.5	9.7%	[185.05568, 1.913e-05, 'a(DD)-H2O']	[185.05568, 1.913e-05, 'a(DN)-NH3']	[185.05568, 1.913e-05, 'b(DS)-H2O']	[185.05568, 1.913e-05, 'b(NS)-NH3']	[185.05568, 1.913e-05, 'y(NS)-H2O-NH3']	[185.05568, 1.913e-05, 'a(DGG)-NH3']	[185.05568, 1.913e-05, 'b(GGS)-NH3']	[185.05568, 1.913e-05, 'y(GGS)-H2O-NH3']
185.09233	185.09198	422.6	31.7%	[185.09207, -9.092e-05, 'a(DP)']	[185.09207, -9.092e-05, 'b(PS)']	[185.09207, -9.092e-05, 'a(ET)-H2O']	[185.09207, -9.092e-05, 'y(PS)-H2O']	[185.09207, -9.092e-05, 'a(QT)-NH3']	[185.09207, -9.092e-05, 'b(TT)-H2O']	[185.09207, -9.092e-05, 'a(AAS)-NH3']	[185.09207, -9.092e-05, 'a(AGT)-NH3']
185.12883	185.12848	266.3	17.3%	[185.12845, 2.903e-05, 'b(AI)']	[185.12845, 2.903e-05, 'b(AL)']	[185.12845, 2.903e-05, 'y(AI)-H2O']	[185.12845, 2.903e-05, 'y(AL)-H2O']	[185.12845, 2.903e-05, 'a(KT)-NH3']
185.16527	185.16492	583.4	22.7%	[185.16484, 7.899e-05, 'a(IV)']	[185.16484, 7.899e-05, 'a(LV)']
186.0877	186.08735	164.8	14.3%	[186.08732, 2.787e-05, 'b(AN)']	[186.08732, 2.787e-05, 'b(GQ)']	[186.08732, 2.787e-05, 'b(AGG)']	[186.08732, 2.787e-05, 'y(AN)-H2O']	[186.08732, 2.787e-05, 'y(GQ)-H2O']	[186.08732, 2.787e-05, 'y(AGG)-H2O']	[186.08732, 2.787e-05, 'a(GSS)-H2O']
186.12406	186.12371	247.1	17.0%	[186.1237, 7.83e-06, 'b(GK)']	[186.1237, 7.83e-06, 'a(NV)']	[186.1237, 7.83e-06, 'a(AAA)']	[186.1237, 7.83e-06, 'a(GGV)']	[186.1237, 7.83e-06, 'y(GK)-H2O']
186.16863	186.16828	47.9	3.5%
187.07167	187.07132	345.0	24.3%	[187.07133, -1.322e-05, 'b(AD)']	[187.07133, -1.322e-05, 'b(EG)']	[187.07133, -1.322e-05, 'y(AD)-H2O']	[187.07133, -1.322e-05, 'y(AN)-NH3']	[187.07133, -1.322e-05, 'y(EG)-H2O']	[187.07133, -1.322e-05, 'y(GQ)-NH3']	[187.07133, -1.322e-05, 'y(AGG)-NH3']	[187.07133, -1.322e-05, 'a(GSS)-NH3']
187.10806	187.10771	441.0	25.2%	[187.10772, -1.326e-05, 'y(AP)']	[187.10772, -1.326e-05, 'a(DV)']	[187.10772, -1.326e-05, 'b(SV)']	[187.10772, -1.326e-05, 'y(GK)-NH3']	[187.10772, -1.326e-05, 'y(SV)-H2O']
187.14446	187.14411	464.5	24.8%	[187.1441, 6.7e-06, 'a(IT)']	[187.1441, 6.7e-06, 'a(LT)']
189.08731	189.08696	333.0	21.6%	[189.08698, -2.51e-05, 'a(DT)']	[189.08698, -2.51e-05, 'a(ES)']	[189.08698, -2.51e-05, 'b(ST)']	[189.08698, -2.51e-05, 'y(ST)-H2O']
191.08518	191.08483	62.9	4.0%	[191.08488, -5.64e-05, 'a(AM[Oxidation])']	[191.08488, -5.64e-05, 'a(MS)']
191.11823	191.11788	68.6	4.6%	[191.11789, -1.642e-05, 'a(AF)']	[191.11789, -1.642e-05, 'b(KP)-H2O-NH3']	[191.11789, -1.642e-05, 'a(GPV)-H2O-NH3']
193.09751	193.09716	86.8	5.5%	[193.09715, 2.95e-06, 'a(GY)']	[193.09715, 2.95e-06, 'b(IN)-H2O-NH3']	[193.09715, 2.95e-06, 'b(LN)-H2O-NH3']	[193.09715, 2.95e-06, 'b(QV)-H2O-NH3']	[193.09715, 2.95e-06, 'a(APS)-H2O-NH3']	[193.09715, 2.95e-06, 'b(AGV)-H2O-NH3']	[193.09715, 2.95e-06, 'a(GPT)-H2O-NH3']	[193.09715, 2.95e-06, 'b(GGI)-H2O-NH3']	[193.09715, 2.95e-06, 'b(GGL)-H2O-NH3']
195.0766	195.07626	144.4	13.9%	[195.07642, -0.00017701, 'b(DP)-H2O']	[195.07642, -0.00017701, 'a(EQ)-H2O-NH3']	[195.07642, -0.00017701, 'b(NP)-NH3']	[195.07642, -0.00017701, 'y(NP)-H2O-NH3']	[195.07642, -0.00017701, 'b(QT)-H2O-NH3']	[195.07642, -0.00017701, 'a(AAD)-H2O-NH3']	[195.07642, -0.00017701, 'a(AEG)-H2O-NH3']	[195.07642, -0.00017701, 'b(AAS)-H2O-NH3']	[195.07642, -0.00017701, 'b(AGT)-H2O-NH3']	[195.07642, -0.00017701, 'b(GGP)-NH3']	[195.07642, -0.00017701, 'y(GGP)-H2O-NH3']
195.08832	195.08798	78.4	6.6%	[195.08765, 0.00031299, 'b(GH)']	[195.08765, 0.00031299, 'y(GH)-H2O']
195.11301	195.11267	41.0	6.1%	[195.1128, -0.000147, 'b(PP)']	[195.1128, -0.000147, 'a(EK)-H2O-NH3']	[195.1128, -0.000147, 'b(KT)-H2O-NH3']	[195.1128, -0.000147, 'y(PP)-H2O']	[195.1128, -0.000147, 'a(AAP)-NH3']	[195.1128, -0.000147, 'a(ASV)-H2O-NH3']	[195.1128, -0.000147, 'a(GIS)-H2O-NH3']	[195.1128, -0.000147, 'a(GLS)-H2O-NH3']	[195.1128, -0.000147, 'a(GTV)-H2O-NH3']
196.1448	196.14446	92.3	4.9%	[196.14444, 3.28e-06, 'a(IQ)-H2O']	[196.14444, 3.28e-06, 'a(LQ)-H2O']	[196.14444, 3.28e-06, 'a(AAV)-H2O']	[196.14444, 3.28e-06, 'a(AGI)-H2O']	[196.14444, 3.28e-06, 'a(AGL)-H2O']
197.12885	197.12851	658.2	39.5%	[197.12845, 4.372e-05, 'b(PV)']	[197.12845, 4.372e-05, 'a(EI)-H2O']	[197.12845, 4.372e-05, 'a(EL)-H2O']	[197.12845, 4.372e-05, 'a(IQ)-NH3']	[197.12845, 4.372e-05, 'b(IT)-H2O']	[197.12845, 4.372e-05, 'a(LQ)-NH3']	[197.12845, 4.372e-05, 'b(LT)-H2O']	[197.12845, 4.372e-05, 'y(PV)-H2O']	[197.12845, 4.372e-05, 'a(AAV)-NH3']	[197.12845, 4.372e-05, 'a(AGI)-NH3']	[197.12845, 4.372e-05, 'a(AGL)-NH3']
197.16504	197.1647	48.1	4.3%	[197.16484, -0.00015626, 'a(IK)-NH3']	[197.16484, -0.00015626, 'a(KL)-NH3']
198.08764	198.0873	79.7	9.2%	[198.08732, -3.572e-05, 'a(DQ)-H2O']	[198.08732, -3.572e-05, 'a(EN)-H2O']	[198.08732, -3.572e-05, 'a(NQ)-NH3']	[198.08732, -3.572e-05, 'b(NT)-H2O']	[198.08732, -3.572e-05, 'b(QS)-H2O']	[198.08732, -3.572e-05, 'a(ADG)-H2O']	[198.08732, -3.572e-05, 'a(AGN)-NH3']	[198.08732, -3.572e-05, 'b(AGS)-H2O']	[198.08732, -3.572e-05, 'a(EGG)-H2O']	[198.08732, -3.572e-05, 'a(GGQ)-NH3']	[198.08732, -3.572e-05, 'b(GGT)-H2O']
198.12408	198.12374	46.8	5.8%	[198.1237, 2.431e-05, 'a(PQ)']	[198.1237, 2.431e-05, 'a(AGP)']	[198.1237, 2.431e-05, 'a(DK)-H2O']	[198.1237, 2.431e-05, 'a(KN)-NH3']	[198.1237, 2.431e-05, 'b(KS)-H2O']	[198.1237, 2.431e-05, 'a(AAT)-H2O']	[198.1237, 2.431e-05, 'a(GGK)-NH3']	[198.1237, 2.431e-05, 'a(GSV)-H2O']
198.13199	198.13165	28.9	3.2%
199.07164	199.0713	231.9	24.8%	[199.07133, -4.499e-05, 'a(DE)-H2O']	[199.07133, -4.499e-05, 'a(DQ)-NH3']	[199.07133, -4.499e-05, 'b(DT)-H2O']	[199.07133, -4.499e-05, 'a(EN)-NH3']	[199.07133, -4.499e-05, 'b(ES)-H2O']	[199.07133, -4.499e-05, 'b(NT)-NH3']	[199.07133, -4.499e-05, 'y(NT)-H2O-NH3']	[199.07133, -4.499e-05, 'b(QS)-NH3']	[199.07133, -4.499e-05, 'y(QS)-H2O-NH3']	[199.07133, -4.499e-05, 'a(ADG)-NH3']	[199.07133, -4.499e-05, 'b(AGS)-NH3']	[199.07133, -4.499e-05, 'y(AGS)-H2O-NH3']	[199.07133, -4.499e-05, 'a(EGG)-NH3']	[199.07133, -4.499e-05, 'b(GGT)-NH3']	[199.07133, -4.499e-05, 'y(GGT)-H2O-NH3']	[199.07133, -4.499e-05, 'a(SSS)-H2O-NH3']
199.10799	199.10765	186.0	18.7%	[199.10772, -8.496e-05, 'a(EP)']	[199.10772, -8.496e-05, 'b(PT)']	[199.10772, -8.496e-05, 'a(DK)-NH3']	[199.10772, -8.496e-05, 'b(KS)-NH3']	[199.10772, -8.496e-05, 'y(KS)-H2O-NH3']	[199.10772, -8.496e-05, 'y(PT)-H2O']	[199.10772, -8.496e-05, 'a(AAT)-NH3']	[199.10772, -8.496e-05, 'a(GSV)-NH3']
199.14445	199.14411	44.1	3.9%	[199.1441, -4.93e-06, 'b(VV)']	[199.1441, -4.93e-06, 'y(VV)-H2O']
199.18087	199.18053	383.3	18.7%	[199.18049, 2.51e-05, 'a(II)']	[199.18049, 2.51e-05, 'a(IL)']	[199.18049, 2.51e-05, 'a(LL)']
200.10341	200.10307	152.4	12.8%	[200.10297, 8.592e-05, 'b(AQ)']	[200.10297, 8.592e-05, 'b(AAG)']	[200.10297, 8.592e-05, 'y(AQ)-H2O']	[200.10297, 8.592e-05, 'a(ASS)-H2O']	[200.10297, 8.592e-05, 'y(AAG)-H2O']	[200.10297, 8.592e-05, 'a(GST)-H2O']
200.13967	200.13933	256.8	23.2%	[200.13935, -3.405e-05, 'b(AK)']	[200.13935, -3.405e-05, 'a(IN)']	[200.13935, -3.405e-05, 'a(LN)']	[200.13935, -3.405e-05, 'a(QV)']	[200.13935, -3.405e-05, 'a(AGV)']	[200.13935, -3.405e-05, 'a(GGI)']	[200.13935, -3.405e-05, 'a(GGL)']	[200.13935, -3.405e-05, 'y(AK)-H2O']
201.08745	201.08711	207.0	17.5%	[201.08698, 0.00011692, 'b(AE)']	[201.08698, 0.00011692, 'y(AE)-H2O']	[201.08698, 0.00011692, 'y(AQ)-NH3']	[201.08698, 0.00011692, 'a(ASS)-NH3']	[201.08698, 0.00011692, 'y(AAG)-NH3']	[201.08698, 0.00011692, 'a(GST)-NH3']
201.12372	201.12338	1026.8	56.8%	[201.12337, -3.04e-06, 'a(DI)']	[201.12337, -3.04e-06, 'a(DL)']	[201.12337, -3.04e-06, 'a(EV)']	[201.12337, -3.04e-06, 'b(IS)']	[201.12337, -3.04e-06, 'b(LS)']	[201.12337, -3.04e-06, 'b(TV)']	[201.12337, -3.04e-06, 'y(AK)-NH3']	[201.12337, -3.04e-06, 'y(IS)-H2O']	[201.12337, -3.04e-06, 'y(LS)-H2O']	[201.12337, -3.04e-06, 'y(TV)-H2O']
202.08265	202.08231	92.0	8.2%	[202.08223, 6.807e-05, 'a(DN)']	[202.08223, 6.807e-05, 'b(NS)']	[202.08223, 6.807e-05, 'a(DGG)']	[202.08223, 6.807e-05, 'b(GGS)']	[202.08223, 6.807e-05, 'y(NS)-H2O']	[202.08223, 6.807e-05, 'y(GGS)-H2O']
202.12685	202.12651	52.8	6.5%
203.06653	203.06619	100.4	9.3%	[203.06625, -7.067e-05, 'a(DD)']	[203.06625, -7.067e-05, 'b(DS)']	[203.06625, -7.067e-05, 'y(DS)-H2O']	[203.06625, -7.067e-05, 'y(NS)-NH3']	[203.06625, -7.067e-05, 'y(GGS)-NH3']
203.08514	203.0848	44.0	3.5%	[203.08488, -9.065e-05, 'b(AM)']	[203.08488, -9.065e-05, 'b(CV)']	[203.08488, -9.065e-05, 'y(AM)-H2O']	[203.08488, -9.065e-05, 'y(CV)-H2O']	[203.08488, -9.065e-05, 'a(M[Oxidation]T)-H2O']
203.103	203.10266	200.4	13.9%	[203.10263, 1.938e-05, 'a(ET)']	[203.10263, 1.938e-05, 'y(PS)']	[203.10263, 1.938e-05, 'b(TT)']	[203.10263, 1.938e-05, 'y(TT)-H2O']
203.12167	203.12133	77.9	4.4%	[203.12126, 5.94e-05, 'a(MV)']
204.13463	204.13429	300.0	21.3%	[204.13427, 1.083e-05, 'y(GK)']
207.11314	207.1128	249.4	15.5%	[207.1128, -4.31e-06, 'a(AY)']	[207.1128, -4.31e-06, 'a(FS)']	[207.1128, -4.31e-06, 'b(IQ)-H2O-NH3']	[207.1128, -4.31e-06, 'b(LQ)-H2O-NH3']	[207.1128, -4.31e-06, 'a(APT)-H2O-NH3']	[207.1128, -4.31e-06, 'b(AAV)-H2O-NH3']	[207.1128, -4.31e-06, 'b(AGI)-H2O-NH3']	[207.1128, -4.31e-06, 'b(AGL)-H2O-NH3']	[207.1128, -4.31e-06, 'a(GPP)-NH3']
209.09225	209.09192	108.1	9.8%	[209.09207, -0.0001606, 'b(DK)-H2O-NH3']	[209.09207, -0.0001606, 'b(EP)-H2O']	[209.09207, -0.0001606, 'b(PQ)-NH3']	[209.09207, -0.0001606, 'y(PQ)-H2O-NH3']	[209.09207, -0.0001606, 'a(AAE)-H2O-NH3']	[209.09207, -0.0001606, 'b(AAT)-H2O-NH3']	[209.09207, -0.0001606, 'b(AGP)-NH3']	[209.09207, -0.0001606, 'y(AGP)-H2O-NH3']	[209.09207, -0.0001606, 'a(DGV)-H2O-NH3']	[209.09207, -0.0001606, 'b(GSV)-H2O-NH3']	[209.09207, -0.0001606, 'a(PSS)-H2O-NH3']
209.10385	209.10352	85.3	6.8%	[209.1033, 0.00020942, 'b(AH)']	[209.1033, 0.00020942, 'y(AH)-H2O']	[209.1033, 0.00020942, 'a(DR)-H2O-NH3']	[209.1033, 0.00020942, 'b(RS)-H2O-NH3']
209.14012	209.13979	82.3	4.2%	[209.13969, 8.949e-05, 'a(HV)']	[209.13969, 8.949e-05, 'a(PR)-NH3']
211.10796	211.10763	109.9	10.2%	[211.10772, -9.649e-05, 'b(DI)-H2O']	[211.10772, -9.649e-05, 'b(DL)-H2O']	[211.10772, -9.649e-05, 'b(EV)-H2O']	[211.10772, -9.649e-05, 'b(IN)-NH3']	[211.10772, -9.649e-05, 'y(IN)-H2O-NH3']	[211.10772, -9.649e-05, 'b(LN)-NH3']	[211.10772, -9.649e-05, 'y(LN)-H2O-NH3']	[211.10772, -9.649e-05, 'b(QV)-NH3']	[211.10772, -9.649e-05, 'y(QV)-H2O-NH3']	[211.10772, -9.649e-05, 'a(APS)-NH3']	[211.10772, -9.649e-05, 'a(ATT)-H2O-NH3']	[211.10772, -9.649e-05, 'b(AGV)-NH3']	[211.10772, -9.649e-05, 'y(AGV)-H2O-NH3']	[211.10772, -9.649e-05, 'a(GPT)-NH3']	[211.10772, -9.649e-05, 'b(GGI)-NH3']	[211.10772, -9.649e-05, 'b(GGL)-NH3']	[211.10772, -9.649e-05, 'y(GGI)-H2O-NH3']	[211.10772, -9.649e-05, 'y(GGL)-H2O-NH3']	[211.10772, -9.649e-05, 'a(SSV)-H2O-NH3']
211.14436	211.14403	77.9	8.4%	[211.1441, -7.641e-05, 'b(IP)']	[211.1441, -7.641e-05, 'b(LP)']	[211.1441, -7.641e-05, 'y(IP)-H2O']	[211.1441, -7.641e-05, 'b(KV)-NH3']	[211.1441, -7.641e-05, 'y(KV)-H2O-NH3']	[211.1441, -7.641e-05, 'y(LP)-H2O']	[211.1441, -7.641e-05, 'a(AAI)-NH3']	[211.1441, -7.641e-05, 'a(AAL)-NH3']	[211.1441, -7.641e-05, 'a(GVV)-NH3']
212.10327	212.10294	201.2	23.1%	[212.10297, -3.435e-05, 'b(NP)']	[212.10297, -3.435e-05, 'b(GGP)']	[212.10297, -3.435e-05, 'a(EQ)-H2O']	[212.10297, -3.435e-05, 'y(NP)-H2O']	[212.10297, -3.435e-05, 'a(QQ)-NH3']	[212.10297, -3.435e-05, 'b(QT)-H2O']	[212.10297, -3.435e-05, 'a(AAD)-H2O']	[212.10297, -3.435e-05, 'a(AAN)-NH3']	[212.10297, -3.435e-05, 'a(AEG)-H2O']	[212.10297, -3.435e-05, 'a(AGQ)-NH3']	[212.10297, -3.435e-05, 'b(AAS)-H2O']	[212.10297, -3.435e-05, 'b(AGT)-H2O']	[212.10297, -3.435e-05, 'y(GGP)-H2O']
213.08722	213.08689	269.4	30.5%	[213.08698, -9.217e-05, 'b(DP)']	[213.08698, -9.217e-05, 'y(DP)-H2O']	[213.08698, -9.217e-05, 'a(EE)-H2O']	[213.08698, -9.217e-05, 'a(EQ)-NH3']	[213.08698, -9.217e-05, 'b(ET)-H2O']	[213.08698, -9.217e-05, 'y(NP)-NH3']	[213.08698, -9.217e-05, 'b(QT)-NH3']	[213.08698, -9.217e-05, 'y(QT)-H2O-NH3']	[213.08698, -9.217e-05, 'a(AAD)-NH3']	[213.08698, -9.217e-05, 'a(AEG)-NH3']	[213.08698, -9.217e-05, 'b(AAS)-NH3']	[213.08698, -9.217e-05, 'b(AGT)-NH3']	[213.08698, -9.217e-05, 'y(AAS)-H2O-NH3']	[213.08698, -9.217e-05, 'y(AGT)-H2O-NH3']	[213.08698, -9.217e-05, 'y(GGP)-NH3']	[213.08698, -9.217e-05, 'a(SST)-H2O-NH3']
213.16006	213.15973	147.9	11.3%	[213.15975, -2.201e-05, 'b(IV)']	[213.15975, -2.201e-05, 'b(LV)']	[213.15975, -2.201e-05, 'y(IV)-H2O']	[213.15975, -2.201e-05, 'y(LV)-H2O']
214.1189	214.11857	63.1	6.2%	[214.11862, -4.983e-05, 'b(NV)']	[214.11862, -4.983e-05, 'b(AAA)']	[214.11862, -4.983e-05, 'a(GPS)']	[214.11862, -4.983e-05, 'b(GGV)']	[214.11862, -4.983e-05, 'y(NV)-H2O']	[214.11862, -4.983e-05, 'a(AST)-H2O']	[214.11862, -4.983e-05, 'y(AAA)-H2O']	[214.11862, -4.983e-05, 'a(GTT)-H2O']	[214.11862, -4.983e-05, 'y(GGV)-H2O']
214.15535	214.15502	72.8	5.7%	[214.155, 2.025e-05, 'a(IQ)']	[214.155, 2.025e-05, 'a(LQ)']	[214.155, 2.025e-05, 'a(AAV)']	[214.155, 2.025e-05, 'a(AGI)']	[214.155, 2.025e-05, 'a(AGL)']
215.10295	215.10262	69.2	5.9%	[215.10263, -7.55e-06, 'b(DV)']	[215.10263, -7.55e-06, 'y(DV)-H2O']	[215.10263, -7.55e-06, 'y(NV)-NH3']	[215.10263, -7.55e-06, 'a(AST)-NH3']	[215.10263, -7.55e-06, 'y(AAA)-NH3']	[215.10263, -7.55e-06, 'a(GTT)-NH3']	[215.10263, -7.55e-06, 'y(GGV)-NH3']
215.1394	215.13907	659.4	41.2%	[215.13902, 5.253e-05, 'a(EI)']	[215.13902, 5.253e-05, 'a(EL)']	[215.13902, 5.253e-05, 'b(IT)']	[215.13902, 5.253e-05, 'b(LT)']	[215.13902, 5.253e-05, 'y(PV)']	[215.13902, 5.253e-05, 'y(IT)-H2O']	[215.13902, 5.253e-05, 'y(LT)-H2O']
216.09821	216.09788	208.0	19.1%	[216.09788, 4.79e-06, 'a(DQ)']	[216.09788, 4.79e-06, 'a(EN)']	[216.09788, 4.79e-06, 'b(NT)']	[216.09788, 4.79e-06, 'b(QS)']	[216.09788, 4.79e-06, 'a(ADG)']	[216.09788, 4.79e-06, 'b(AGS)']	[216.09788, 4.79e-06, 'a(EGG)']	[216.09788, 4.79e-06, 'b(GGT)']	[216.09788, 4.79e-06, 'y(NT)-H2O']	[216.09788, 4.79e-06, 'y(QS)-H2O']	[216.09788, 4.79e-06, 'y(AGS)-H2O']	[216.09788, 4.79e-06, 'y(GGT)-H2O']	[216.09788, 4.79e-06, 'a(SSS)-H2O']
216.13473	216.1344	87.7	10.7%	[216.13427, 0.00013488, 'a(DK)']	[216.13427, 0.00013488, 'b(KS)']	[216.13427, 0.00013488, 'a(AAT)']	[216.13427, 0.00013488, 'a(GSV)']	[216.13427, 0.00013488, 'y(KS)-H2O']
217.08212	217.0818	277.7	24.7%	[217.0819, -0.00010286, 'a(DE)']	[217.0819, -0.00010286, 'b(DT)']	[217.0819, -0.00010286, 'b(ES)']	[217.0819, -0.00010286, 'y(DT)-H2O']	[217.0819, -0.00010286, 'y(ES)-H2O']	[217.0819, -0.00010286, 'y(NT)-NH3']	[217.0819, -0.00010286, 'y(QS)-NH3']	[217.0819, -0.00010286, 'y(AGS)-NH3']	[217.0819, -0.00010286, 'y(GGT)-NH3']	[217.0819, -0.00010286, 'a(SSS)-NH3']	[217.08277, -0.00097286, 'a(MM)-H2O']
217.13725	217.13693	132.9	8.9%	[217.13691, 1.727e-05, 'a(IM)']	[217.13691, 1.727e-05, 'a(LM)']
218.15029	218.14997	280.6	22.0%	[218.14992, 4.972e-05, 'y(AK)']
219.08018	219.07986	47.8	4.8%	[219.07979, 7.197e-05, 'b(AM[Oxidation])']	[219.07979, 7.197e-05, 'y(CP)']	[219.07979, 7.197e-05, 'a(DM)']	[219.07979, 7.197e-05, 'b(MS)']	[219.07979, 7.197e-05, 'y(AM[Oxidation])-H2O']	[219.07979, 7.197e-05, 'y(MS)-H2O']
219.11321	219.11289	66.3	5.6%	[219.1128, 9.205e-05, 'b(AF)']	[219.1128, 9.205e-05, 'y(AF)-H2O']	[219.1128, 9.205e-05, 'a(TY)-H2O']	[219.1128, 9.205e-05, 'b(GPV)-H2O-NH3']	[219.1128, 9.205e-05, 'a(PPS)-H2O-NH3']
219.14965	219.14933	90.0	5.4%	[219.14919, 0.00014214, 'a(FV)']	[219.14919, 0.00014214, 'a(AIP)-H2O-NH3']	[219.14919, 0.00014214, 'a(ALP)-H2O-NH3']
223.10804	223.10773	166.9	11.5%	[223.10772, 1.175e-05, 'y(FG)']	[223.10772, 1.175e-05, 'a(SY)']	[223.10772, 1.175e-05, 'b(EK)-H2O-NH3']	[223.10772, 1.175e-05, 'a(ADV)-H2O-NH3']	[223.10772, 1.175e-05, 'b(AAP)-NH3']	[223.10772, 1.175e-05, 'b(ASV)-H2O-NH3']	[223.10772, 1.175e-05, 'y(AAP)-H2O-NH3']	[223.10772, 1.175e-05, 'a(DGI)-H2O-NH3']	[223.10772, 1.175e-05, 'a(DGL)-H2O-NH3']	[223.10772, 1.175e-05, 'a(EGV)-H2O-NH3']	[223.10772, 1.175e-05, 'b(GIS)-H2O-NH3']	[223.10772, 1.175e-05, 'b(GLS)-H2O-NH3']	[223.10772, 1.175e-05, 'b(GTV)-H2O-NH3']	[223.10772, 1.175e-05, 'a(PST)-H2O-NH3']
223.15576	223.15545	151.2	9.7%	[223.15534, 0.00011186, 'a(HI)']	[223.15534, 0.00011186, 'a(HL)']
225.09869	225.09838	76.8	8.6%	[225.09822, 0.00016646, 'a(DH)']	[225.09822, 0.00016646, 'b(HS)']	[225.09822, 0.00016646, 'y(HS)-H2O']	[225.09822, 0.00016646, 'b(NQ)-H2O']	[225.09822, 0.00016646, 'b(AGN)-H2O']	[225.09822, 0.00016646, 'b(GGQ)-H2O']
225.12352	225.12321	133.3	14.6%	[225.12337, -0.00015348, 'b(EI)-H2O']	[225.12337, -0.00015348, 'b(EL)-H2O']	[225.12337, -0.00015348, 'b(IQ)-NH3']	[225.12337, -0.00015348, 'y(IQ)-H2O-NH3']	[225.12337, -0.00015348, 'b(LQ)-NH3']	[225.12337, -0.00015348, 'y(LQ)-H2O-NH3']	[225.12337, -0.00015348, 'a(APT)-NH3']	[225.12337, -0.00015348, 'b(AAV)-NH3']	[225.12337, -0.00015348, 'b(AGI)-NH3']	[225.12337, -0.00015348, 'b(AGL)-NH3']	[225.12337, -0.00015348, 'y(AAV)-H2O-NH3']	[225.12337, -0.00015348, 'y(AGI)-H2O-NH3']	[225.12337, -0.00015348, 'y(AGL)-H2O-NH3']	[225.12337, -0.00015348, 'a(ISS)-H2O-NH3']	[225.12337, -0.00015348, 'a(LSS)-H2O-NH3']	[225.12337, -0.00015348, 'a(STV)-H2O-NH3']
226.0824	226.08209	74.2	10.5%	[226.08223, -0.00013128, 'b(DQ)-H2O']	[226.08223, -0.00013128, 'b(EN)-H2O']	[226.08223, -0.00013128, 'y(HS)-NH3']	[226.08223, -0.00013128, 'b(NQ)-NH3']	[226.08223, -0.00013128, 'y(NQ)-H2O-NH3']	[226.08223, -0.00013128, 'b(ADG)-H2O']	[226.08223, -0.00013128, 'b(AGN)-NH3']	[226.08223, -0.00013128, 'y(AGN)-H2O-NH3']	[226.08223, -0.00013128, 'b(EGG)-H2O']	[226.08223, -0.00013128, 'b(GGQ)-NH3']	[226.08223, -0.00013128, 'y(GGQ)-H2O-NH3']	[226.08223, -0.00013128, 'a(NSS)-H2O-NH3']
226.11897	226.11866	318.9	35.2%	[226.11862, 4.881e-05, 'b(PQ)']	[226.11862, 4.881e-05, 'b(AGP)']	[226.11862, 4.881e-05, 'b(DK)-H2O']	[226.11862, 4.881e-05, 'b(KN)-NH3']	[226.11862, 4.881e-05, 'y(KN)-H2O-NH3']	[226.11862, 4.881e-05, 'y(PQ)-H2O']	[226.11862, 4.881e-05, 'a(AAE)-H2O']	[226.11862, 4.881e-05, 'a(AAQ)-NH3']	[226.11862, 4.881e-05, 'b(AAT)-H2O']	[226.11862, 4.881e-05, 'y(AGP)-H2O']	[226.11862, 4.881e-05, 'a(DGV)-H2O']	[226.11862, 4.881e-05, 'a(GNV)-NH3']	[226.11862, 4.881e-05, 'b(GGK)-NH3']	[226.11862, 4.881e-05, 'b(GSV)-H2O']	[226.11862, 4.881e-05, 'y(GGK)-H2O-NH3']	[226.11862, 4.881e-05, 'a(PSS)-H2O']
226.15527	226.15496	129.8	14.9%	[226.155, -3.111e-05, 'b(KP)']	[226.155, -3.111e-05, 'a(GPV)']	[226.155, -3.111e-05, 'y(KP)-H2O']	[226.155, -3.111e-05, 'a(AAK)-NH3']	[226.155, -3.111e-05, 'a(AIS)-H2O']	[226.155, -3.111e-05, 'a(ALS)-H2O']	[226.155, -3.111e-05, 'a(ATV)-H2O']	[226.155, -3.111e-05, 'a(GIT)-H2O']	[226.155, -3.111e-05, 'a(GLT)-H2O']
227.06647	227.06616	71.0	7.0%	[227.06625, -7.906e-05, 'b(DE)-H2O']	[227.06625, -7.906e-05, 'b(DQ)-NH3']	[227.06625, -7.906e-05, 'y(DQ)-H2O-NH3']	[227.06625, -7.906e-05, 'b(EN)-NH3']	[227.06625, -7.906e-05, 'y(EN)-H2O-NH3']	[227.06625, -7.906e-05, 'b(ADG)-NH3']	[227.06625, -7.906e-05, 'y(ADG)-H2O-NH3']	[227.06625, -7.906e-05, 'a(DSS)-H2O-NH3']	[227.06625, -7.906e-05, 'b(EGG)-NH3']	[227.06625, -7.906e-05, 'y(EGG)-H2O-NH3']	[227.06625, -7.906e-05, 'b(SSS)-H2O-NH3']
227.10284	227.10253	110.8	11.2%	[227.10263, -8.898e-05, 'b(EP)']	[227.10263, -8.898e-05, 'b(DK)-NH3']	[227.10263, -8.898e-05, 'y(DK)-H2O-NH3']	[227.10263, -8.898e-05, 'y(EP)-H2O']	[227.10263, -8.898e-05, 'y(PQ)-NH3']	[227.10263, -8.898e-05, 'a(AAE)-NH3']	[227.10263, -8.898e-05, 'b(AAT)-NH3']	[227.10263, -8.898e-05, 'y(AAT)-H2O-NH3']	[227.10263, -8.898e-05, 'y(AGP)-NH3']	[227.10263, -8.898e-05, 'a(DGV)-NH3']	[227.10263, -8.898e-05, 'b(GSV)-NH3']	[227.10263, -8.898e-05, 'y(GSV)-H2O-NH3']	[227.10263, -8.898e-05, 'a(PSS)-NH3']	[227.10263, -8.898e-05, 'a(STT)-H2O-NH3']
227.1758	227.17549	99.1	8.3%	[227.1754, 0.00010118, 'b(II)']	[227.1754, 0.00010118, 'b(IL)']	[227.1754, 0.00010118, 'b(LL)']	[227.1754, 0.00010118, 'y(II)-H2O']	[227.1754, 0.00010118, 'y(IL)-H2O']	[227.1754, 0.00010118, 'y(LL)-H2O']
228.13461	228.13431	196.5	19.2%	[228.13427, 4.328e-05, 'b(IN)']	[228.13427, 4.328e-05, 'b(LN)']	[228.13427, 4.328e-05, 'b(QV)']	[228.13427, 4.328e-05, 'a(APS)']	[228.13427, 4.328e-05, 'b(AGV)']	[228.13427, 4.328e-05, 'a(GPT)']	[228.13427, 4.328e-05, 'b(GGI)']	[228.13427, 4.328e-05, 'b(GGL)']	[228.13427, 4.328e-05, 'y(IN)-H2O']	[228.13427, 4.328e-05, 'y(LN)-H2O']	[228.13427, 4.328e-05, 'y(QV)-H2O']	[228.13427, 4.328e-05, 'a(ATT)-H2O']	[228.13427, 4.328e-05, 'y(AGV)-H2O']	[228.13427, 4.328e-05, 'a(GKS)-NH3']	[228.13427, 4.328e-05, 'y(GGI)-H2O']	[228.13427, 4.328e-05, 'y(GGL)-H2O']	[228.13427, 4.328e-05, 'a(SSV)-H2O']
229.11858	229.11828	193.2	18.7%	[229.11828, 5.36e-06, 'b(DI)']	[229.11828, 5.36e-06, 'b(DL)']	[229.11828, 5.36e-06, 'b(EV)']	[229.11828, 5.36e-06, 'y(DI)-H2O']	[229.11828, 5.36e-06, 'y(DL)-H2O']	[229.11828, 5.36e-06, 'y(EV)-H2O']	[229.11828, 5.36e-06, 'y(IN)-NH3']	[229.11828, 5.36e-06, 'y(LN)-NH3']	[229.11828, 5.36e-06, 'y(QV)-NH3']	[229.11828, 5.36e-06, 'a(ATT)-NH3']	[229.11828, 5.36e-06, 'y(AGV)-NH3']	[229.11828, 5.36e-06, 'y(GGI)-NH3']	[229.11828, 5.36e-06, 'y(GGL)-NH3']	[229.11828, 5.36e-06, 'a(SSV)-NH3']
230.11387	230.11357	134.7	14.8%	[230.11353, 4.738e-05, 'a(EQ)']	[230.11353, 4.738e-05, 'y(NP)']	[230.11353, 4.738e-05, 'b(QT)']	[230.11353, 4.738e-05, 'a(AAD)']	[230.11353, 4.738e-05, 'a(AEG)']	[230.11353, 4.738e-05, 'b(AAS)']	[230.11353, 4.738e-05, 'b(AGT)']	[230.11353, 4.738e-05, 'y(GGP)']	[230.11353, 4.738e-05, 'y(QT)-H2O']	[230.11353, 4.738e-05, 'y(AAS)-H2O']	[230.11353, 4.738e-05, 'y(AGT)-H2O']	[230.11353, 4.738e-05, 'a(SST)-H2O']
230.15032	230.15002	59.8	6.0%	[230.14992, 0.00010746, 'a(EK)']	[230.14992, 0.00010746, 'b(KT)']	[230.14992, 0.00010746, 'a(ASV)']	[230.14992, 0.00010746, 'a(GIS)']	[230.14992, 0.00010746, 'a(GLS)']	[230.14992, 0.00010746, 'a(GTV)']	[230.14992, 0.00010746, 'y(KT)-H2O']
231.09776	231.09746	131.9	13.1%	[231.09755, -8.071e-05, 'y(DP)']	[231.09755, -8.071e-05, 'a(EE)']	[231.09755, -8.071e-05, 'b(ET)']	[231.09755, -8.071e-05, 'y(ET)-H2O']	[231.09755, -8.071e-05, 'y(QT)-NH3']	[231.09755, -8.071e-05, 'y(AAS)-NH3']	[231.09755, -8.071e-05, 'y(AGT)-NH3']	[231.09755, -8.071e-05, 'a(SST)-NH3']
232.14076	232.14047	164.6	11.5%	[232.14042, 5.122e-05, 'y(GR)']
233.09557	233.09528	68.1	7.7%	[233.09544, -0.00015712, 'a(EM)']	[233.09544, -0.00015712, 'b(MT)']	[233.09544, -0.00015712, 'y(CK)-NH3']	[233.09544, -0.00015712, 'y(MT)-H2O']
233.12873	233.12844	38.2	3.4%	[233.12845, -7.06e-06, 'a(PY)']	[233.12845, -7.06e-06, 'b(APV)-H2O-NH3']	[233.12845, -7.06e-06, 'b(GIP)-H2O-NH3']	[233.12845, -7.06e-06, 'b(GLP)-H2O-NH3']	[233.12845, -7.06e-06, 'a(PPT)-H2O-NH3']
233.16528	233.16499	150.4	6.5%	[233.16484, 0.000153, 'a(FI)']	[233.16484, 0.000153, 'a(FL)']	[233.16484, 0.000153, 'a(PVV)-H2O-NH3']
234.14522	234.14493	335.5	25.0%	[234.14483, 0.00010461, 'y(KS)']
235.10801	235.10772	113.5	9.3%	[235.10772, 6.11e-06, 'b(AY)']	[235.10772, 6.11e-06, 'a(DF)']	[235.10772, 6.11e-06, 'b(FS)']	[235.10772, 6.11e-06, 'y(AY)-H2O']	[235.10772, 6.11e-06, 'y(FS)-H2O']	[235.10772, 6.11e-06, 'a(AEP)-H2O-NH3']	[235.10772, 6.11e-06, 'b(APT)-H2O-NH3']	[235.10772, 6.11e-06, 'b(GPP)-NH3']	[235.10772, 6.11e-06, 'y(GPP)-H2O-NH3']
235.11932	235.11903	47.9	5.1%	[235.11895, 8.612e-05, 'b(HP)']	[235.11895, 8.612e-05, 'y(HP)-H2O']	[235.11895, 8.612e-05, 'a(AAH)-NH3']
235.14455	235.14426	97.5	6.8%	[235.1441, 0.00016616, 'a(VY)']	[235.1441, 0.00016616, 'b(AVV)-H2O-NH3']	[235.1441, 0.00016616, 'b(GIV)-H2O-NH3']	[235.1441, 0.00016616, 'b(GLV)-H2O-NH3']	[235.1441, 0.00016616, 'a(IPS)-H2O-NH3']	[235.1441, 0.00016616, 'a(LPS)-H2O-NH3']	[235.1441, 0.00016616, 'a(PTV)-H2O-NH3']
237.12366	237.12337	205.2	7.9%	[237.12337, 8.95e-06, 'y(AF)']	[237.12337, 8.95e-06, 'a(TY)']	[237.12337, 8.95e-06, 'a(ADI)-H2O-NH3']	[237.12337, 8.95e-06, 'a(ADL)-H2O-NH3']	[237.12337, 8.95e-06, 'a(AEV)-H2O-NH3']	[237.12337, 8.95e-06, 'b(AIS)-H2O-NH3']	[237.12337, 8.95e-06, 'b(ALS)-H2O-NH3']	[237.12337, 8.95e-06, 'b(ATV)-H2O-NH3']	[237.12337, 8.95e-06, 'a(EGI)-H2O-NH3']	[237.12337, 8.95e-06, 'a(EGL)-H2O-NH3']	[237.12337, 8.95e-06, 'b(GIT)-H2O-NH3']	[237.12337, 8.95e-06, 'b(GLT)-H2O-NH3']	[237.12337, 8.95e-06, 'b(GPV)-NH3']	[237.12337, 8.95e-06, 'y(GPV)-H2O-NH3']	[237.12337, 8.95e-06, 'a(PPS)-NH3']	[237.12337, 8.95e-06, 'a(PTT)-H2O-NH3']
237.13498	237.13469	73.5	6.0%	[237.1346, 9.896e-05, 'b(HV)']	[237.1346, 9.896e-05, 'y(HV)-H2O']	[237.1346, 9.896e-05, 'b(PR)-NH3']	[237.1346, 9.896e-05, 'y(PR)-H2O-NH3']	[237.1346, 9.896e-05, 'a(ANP)-H2O']	[237.1346, 9.896e-05, 'a(GKN)-H2O-NH3']	[237.1346, 9.896e-05, 'a(GPQ)-H2O']
239.11413	239.11385	110.9	11.2%	[239.11387, -1.863e-05, 'a(EH)']	[239.11387, -1.863e-05, 'b(HT)']	[239.11387, -1.863e-05, 'y(HT)-H2O']	[239.11387, -1.863e-05, 'b(QQ)-H2O']	[239.11387, -1.863e-05, 'b(AAN)-H2O']	[239.11387, -1.863e-05, 'b(AGQ)-H2O']
240.09797	240.09769	156.9	18.6%	[240.09788, -0.00018756, 'b(EQ)-H2O']	[240.09788, -0.00018756, 'y(HT)-NH3']	[240.09788, -0.00018756, 'b(QQ)-NH3']	[240.09788, -0.00018756, 'y(QQ)-H2O-NH3']	[240.09788, -0.00018756, 'b(AAD)-H2O']	[240.09788, -0.00018756, 'b(AAN)-NH3']	[240.09788, -0.00018756, 'b(AEG)-H2O']	[240.09788, -0.00018756, 'b(AGQ)-NH3']	[240.09788, -0.00018756, 'y(AAN)-H2O-NH3']	[240.09788, -0.00018756, 'y(AGQ)-H2O-NH3']	[240.09788, -0.00018756, 'a(NST)-H2O-NH3']	[240.09788, -0.00018756, 'a(QSS)-H2O-NH3']
240.13452	240.13424	299.0	37.2%	[240.13427, -2.752e-05, 'b(AAP)']	[240.13427, -2.752e-05, 'b(EK)-H2O']	[240.13427, -2.752e-05, 'b(KQ)-NH3']	[240.13427, -2.752e-05, 'y(KQ)-H2O-NH3']	[240.13427, -2.752e-05, 'a(ADV)-H2O']	[240.13427, -2.752e-05, 'a(ANV)-NH3']	[240.13427, -2.752e-05, 'b(AGK)-NH3']	[240.13427, -2.752e-05, 'b(ASV)-H2O']	[240.13427, -2.752e-05, 'y(AAP)-H2O']	[240.13427, -2.752e-05, 'y(AGK)-H2O-NH3']	[240.13427, -2.752e-05, 'a(DGI)-H2O']	[240.13427, -2.752e-05, 'a(DGL)-H2O']	[240.13427, -2.752e-05, 'a(EGV)-H2O']	[240.13427, -2.752e-05, 'a(GIN)-NH3']	[240.13427, -2.752e-05, 'a(GLN)-NH3']	[240.13427, -2.752e-05, 'a(GQV)-NH3']	[240.13427, -2.752e-05, 'b(GIS)-H2O']	[240.13427, -2.752e-05, 'b(GLS)-H2O']	[240.13427, -2.752e-05, 'b(GTV)-H2O']	[240.13427, -2.752e-05, 'a(KSS)-H2O-NH3']	[240.13427, -2.752e-05, 'a(PST)-H2O']
241.08194	241.08166	106.6	16.1%	[241.0819, -0.00023659, 'b(EE)-H2O']	[241.0819, -0.00023659, 'b(EQ)-NH3']	[241.0819, -0.00023659, 'y(EQ)-H2O-NH3']	[241.0819, -0.00023659, 'b(AAD)-NH3']	[241.0819, -0.00023659, 'b(AEG)-NH3']	[241.0819, -0.00023659, 'y(AAD)-H2O-NH3']	[241.0819, -0.00023659, 'y(AEG)-H2O-NH3']	[241.0819, -0.00023659, 'a(DST)-H2O-NH3']	[241.0819, -0.00023659, 'a(ESS)-H2O-NH3']	[241.0819, -0.00023659, 'b(SST)-H2O-NH3']
242.15016	242.14988	169.7	17.9%	[242.14992, -3.563e-05, 'b(IQ)']	[242.14992, -3.563e-05, 'b(LQ)']	[242.14992, -3.563e-05, 'a(APT)']	[242.14992, -3.563e-05, 'b(AAV)']	[242.14992, -3.563e-05, 'b(AGI)']	[242.14992, -3.563e-05, 'b(AGL)']	[242.14992, -3.563e-05, 'y(IQ)-H2O']	[242.14992, -3.563e-05, 'y(LQ)-H2O']	[242.14992, -3.563e-05, 'a(AKS)-NH3']	[242.14992, -3.563e-05, 'y(AAV)-H2O']	[242.14992, -3.563e-05, 'y(AGI)-H2O']	[242.14992, -3.563e-05, 'y(AGL)-H2O']	[242.14992, -3.563e-05, 'a(GKT)-NH3']	[242.14992, -3.563e-05, 'a(ISS)-H2O']	[242.14992, -3.563e-05, 'a(LSS)-H2O']	[242.14992, -3.563e-05, 'a(STV)-H2O']
242.18648	242.1862	65.7	8.6%	[242.1863, -9.56e-05, 'b(IK)']	[242.1863, -9.56e-05, 'b(KL)']	[242.1863, -9.56e-05, 'a(AVV)']	[242.1863, -9.56e-05, 'a(GIV)']	[242.1863, -9.56e-05, 'a(GLV)']	[242.1863, -9.56e-05, 'y(IK)-H2O']	[242.1863, -9.56e-05, 'y(KL)-H2O']
243.13415	243.13387	158.2	16.9%	[243.13393, -5.483e-05, 'b(EI)']	[243.13393, -5.483e-05, 'b(EL)']	[243.13393, -5.483e-05, 'y(EI)-H2O']	[243.13393, -5.483e-05, 'y(EL)-H2O']	[243.13393, -5.483e-05, 'y(IQ)-NH3']	[243.13393, -5.483e-05, 'y(LQ)-NH3']	[243.13393, -5.483e-05, 'y(AAV)-NH3']	[243.13393, -5.483e-05, 'y(AGI)-NH3']	[243.13393, -5.483e-05, 'y(AGL)-NH3']	[243.13393, -5.483e-05, 'a(ISS)-NH3']	[243.13393, -5.483e-05, 'a(LSS)-NH3']	[243.13393, -5.483e-05, 'a(STV)-NH3']
244.09307	244.09279	125.1	14.6%	[244.0928, -4.14e-06, 'b(DQ)']	[244.0928, -4.14e-06, 'b(EN)']	[244.0928, -4.14e-06, 'b(ADG)']	[244.0928, -4.14e-06, 'b(EGG)']	[244.0928, -4.14e-06, 'y(DQ)-H2O']	[244.0928, -4.14e-06, 'y(EN)-H2O']	[244.0928, -4.14e-06, 'y(NQ)-NH3']	[244.0928, -4.14e-06, 'y(ADG)-H2O']	[244.0928, -4.14e-06, 'y(AGN)-NH3']	[244.0928, -4.14e-06, 'a(DSS)-H2O']	[244.0928, -4.14e-06, 'y(EGG)-H2O']	[244.0928, -4.14e-06, 'y(GGQ)-NH3']	[244.0928, -4.14e-06, 'a(NSS)-NH3']	[244.0928, -4.14e-06, 'b(SSS)-H2O']
244.12966	244.12938	88.6	12.6%	[244.12918, 0.00020588, 'b(DK)']	[244.12918, 0.00020588, 'y(PQ)']	[244.12918, 0.00020588, 'a(AAE)']	[244.12918, 0.00020588, 'b(AAT)']	[244.12918, 0.00020588, 'y(AGP)']	[244.12918, 0.00020588, 'a(DGV)']	[244.12918, 0.00020588, 'b(GSV)']	[244.12918, 0.00020588, 'a(PSS)']	[244.12918, 0.00020588, 'y(DK)-H2O']	[244.12918, 0.00020588, 'y(KN)-NH3']	[244.12918, 0.00020588, 'y(AAT)-H2O']	[244.12918, 0.00020588, 'y(GGK)-NH3']	[244.12918, 0.00020588, 'y(GSV)-H2O']	[244.12918, 0.00020588, 'a(STT)-H2O']
244.16588	244.1656	454.8	33.6%	[244.16557, 3.591e-05, 'y(KP)']	[244.16557, 3.591e-05, 'a(AIS)']	[244.16557, 3.591e-05, 'a(ALS)']	[244.16557, 3.591e-05, 'a(ATV)']	[244.16557, 3.591e-05, 'a(GIT)']	[244.16557, 3.591e-05, 'a(GLT)']
245.07695	245.07667	106.8	12.5%	[245.07681, -0.00013352, 'b(DE)']	[245.07681, -0.00013352, 'y(DE)-H2O']	[245.07681, -0.00013352, 'y(DQ)-NH3']	[245.07681, -0.00013352, 'y(EN)-NH3']	[245.07681, -0.00013352, 'y(ADG)-NH3']	[245.07681, -0.00013352, 'a(DSS)-NH3']	[245.07681, -0.00013352, 'y(EGG)-NH3']	[245.07681, -0.00013352, 'b(SSS)-NH3']	[245.07681, -0.00013352, 'y(SSS)-H2O-NH3']	[245.07768, -0.00100352, 'b(MM)-H2O']
246.15619	246.15592	91.6	10.1%	[246.15607, -0.00015293, 'y(AR)']
246.18158	246.18131	138.2	13.9%	[246.18122, 8.709e-05, 'y(KV)']
247.10785	247.10758	52.6	6.0%	[247.10772, -0.00014249, 'a(EY)-H2O']	[247.10772, -0.00014249, 'a(QY)-NH3']	[247.10772, -0.00014249, 'b(TY)-H2O']	[247.10772, -0.00014249, 'a(AGY)-NH3']	[247.10772, -0.00014249, 'a(DPP)-H2O-NH3']	[247.10772, -0.00014249, 'a(FGS)-NH3']	[247.10772, -0.00014249, 'b(PPS)-H2O-NH3']
248.16077	248.1605	157.7	15.1%	[248.16048, 1.791e-05, 'y(KT)']
249.12375	249.12348	73.0	6.4%	[249.12337, 0.00010819, 'a(EF)']	[249.12337, 0.00010819, 'b(FT)']	[249.12337, 0.00010819, 'y(FT)-H2O']	[249.12337, 0.00010819, 'b(APP)-NH3']	[249.12337, 0.00010819, 'y(APP)-H2O-NH3']	[249.12337, 0.00010819, 'a(DPV)-H2O-NH3']	[249.12337, 0.00010819, 'b(PSV)-H2O-NH3']
249.16005	249.15978	173.3	12.0%	[249.15975, 2.82e-05, 'a(IY)']	[249.15975, 2.82e-05, 'a(LY)']	[249.15975, 2.82e-05, 'b(AIV)-H2O-NH3']	[249.15975, 2.82e-05, 'b(ALV)-H2O-NH3']	[249.15975, 2.82e-05, 'b(GII)-H2O-NH3']	[249.15975, 2.82e-05, 'b(GIL)-H2O-NH3']	[249.15975, 2.82e-05, 'b(GLL)-H2O-NH3']	[249.15975, 2.82e-05, 'a(IPT)-H2O-NH3']	[249.15975, 2.82e-05, 'a(LPT)-H2O-NH3']	[249.15975, 2.82e-05, 'a(PPV)-NH3']
251.10296	251.10269	177.9	13.3%	[251.10263, 5.853e-05, 'a(DY)']	[251.10263, 5.853e-05, 'b(SY)']	[251.10263, 5.853e-05, 'y(SY)-H2O']	[251.10263, 5.853e-05, 'b(ADV)-H2O-NH3']	[251.10263, 5.853e-05, 'a(DPT)-H2O-NH3']	[251.10263, 5.853e-05, 'b(DGI)-H2O-NH3']	[251.10263, 5.853e-05, 'b(DGL)-H2O-NH3']	[251.10263, 5.853e-05, 'a(EPS)-H2O-NH3']	[251.10263, 5.853e-05, 'b(EGV)-H2O-NH3']	[251.10263, 5.853e-05, 'b(PST)-H2O-NH3']
251.15046	251.15019	157.1	15.6%	[251.15025, -6.146e-05, 'b(HI)']	[251.15025, -6.146e-05, 'b(HL)']	[251.15025, -6.146e-05, 'y(HI)-H2O']	[251.15025, -6.146e-05, 'y(HL)-H2O']	[251.15025, -6.146e-05, 'a(AKN)-H2O-NH3']	[251.15025, -6.146e-05, 'a(APQ)-H2O']	[251.15025, -6.146e-05, 'a(GKQ)-H2O-NH3']
254.15016	254.14989	42.3	5.5%	[254.14992, -3.153e-05, 'b(GPV)']	[254.14992, -3.153e-05, 'a(PPS)']	[254.14992, -3.153e-05, 'a(ADI)-H2O']	[254.14992, -3.153e-05, 'a(ADL)-H2O']	[254.14992, -3.153e-05, 'a(AEV)-H2O']	[254.14992, -3.153e-05, 'a(AIN)-NH3']	[254.14992, -3.153e-05, 'a(ALN)-NH3']	[254.14992, -3.153e-05, 'a(AQV)-NH3']	[254.14992, -3.153e-05, 'b(AAK)-NH3']	[254.14992, -3.153e-05, 'b(AIS)-H2O']	[254.14992, -3.153e-05, 'b(ALS)-H2O']	[254.14992, -3.153e-05, 'b(ATV)-H2O']	[254.14992, -3.153e-05, 'y(AAK)-H2O-NH3']	[254.14992, -3.153e-05, 'a(EGI)-H2O']	[254.14992, -3.153e-05, 'a(EGL)-H2O']	[254.14992, -3.153e-05, 'a(GIQ)-NH3']	[254.14992, -3.153e-05, 'a(GLQ)-NH3']	[254.14992, -3.153e-05, 'b(GIT)-H2O']	[254.14992, -3.153e-05, 'b(GLT)-H2O']	[254.14992, -3.153e-05, 'y(GPV)-H2O']	[254.14992, -3.153e-05, 'a(KST)-H2O-NH3']	[254.14992, -3.153e-05, 'a(PTT)-H2O']
255.14536	255.14509	72.6	8.3%	[255.14517, -8.171e-05, 'y(HV)']	[255.14517, -8.171e-05, 'a(ANP)']	[255.14517, -8.171e-05, 'a(GPQ)']	[255.14517, -8.171e-05, 'y(PR)-NH3']	[255.14517, -8.171e-05, 'a(AQT)-H2O']	[255.14517, -8.171e-05, 'a(DGK)-H2O']	[255.14517, -8.171e-05, 'a(GKN)-NH3']	[255.14517, -8.171e-05, 'b(GKS)-H2O']	[255.14517, -8.171e-05, 'a(NSV)-H2O']
257.12478	257.12451	34.2	5.1%	[257.12443, 7.774e-05, 'y(HT)']	[257.12443, 7.774e-05, 'b(QQ)']	[257.12443, 7.774e-05, 'b(AAN)']	[257.12443, 7.774e-05, 'b(AGQ)']	[257.12443, 7.774e-05, 'y(QQ)-H2O']	[257.12443, 7.774e-05, 'y(AAN)-H2O']	[257.12443, 7.774e-05, 'y(AGQ)-H2O']	[257.12443, 7.774e-05, 'a(NST)-H2O']	[257.12443, 7.774e-05, 'a(QSS)-H2O']
257.16112	257.16085	113.8	13.5%	[257.16082, 2.772e-05, 'b(KQ)']	[257.16082, 2.772e-05, 'a(ANV)']	[257.16082, 2.772e-05, 'b(AGK)']	[257.16082, 2.772e-05, 'a(GIN)']	[257.16082, 2.772e-05, 'a(GLN)']	[257.16082, 2.772e-05, 'a(GQV)']	[257.16082, 2.772e-05, 'y(KQ)-H2O']	[257.16082, 2.772e-05, 'y(RV)-NH3']	[257.16082, 2.772e-05, 'y(AGK)-H2O']	[257.16082, 2.772e-05, 'a(KSS)-H2O']
258.10889	258.10862	72.3	10.1%	[258.10845, 0.00016736, 'b(EQ)']	[258.10845, 0.00016736, 'b(AAD)']	[258.10845, 0.00016736, 'b(AEG)']	[258.10845, 0.00016736, 'y(EQ)-H2O']	[258.10845, 0.00016736, 'y(QQ)-NH3']	[258.10845, 0.00016736, 'y(AAD)-H2O']	[258.10845, 0.00016736, 'y(AAN)-NH3']	[258.10845, 0.00016736, 'y(AEG)-H2O']	[258.10845, 0.00016736, 'y(AGQ)-NH3']	[258.10845, 0.00016736, 'a(DST)-H2O']	[258.10845, 0.00016736, 'a(ESS)-H2O']	[258.10845, 0.00016736, 'a(NST)-NH3']	[258.10845, 0.00016736, 'a(QSS)-NH3']	[258.10845, 0.00016736, 'b(SST)-H2O']
258.14496	258.14469	419.0	43.4%	[258.14483, -0.00014266, 'b(EK)']	[258.14483, -0.00014266, 'a(ADV)']	[258.14483, -0.00014266, 'b(ASV)']	[258.14483, -0.00014266, 'y(AAP)']	[258.14483, -0.00014266, 'a(DGI)']	[258.14483, -0.00014266, 'a(DGL)']	[258.14483, -0.00014266, 'a(EGV)']	[258.14483, -0.00014266, 'b(GIS)']	[258.14483, -0.00014266, 'b(GLS)']	[258.14483, -0.00014266, 'b(GTV)']	[258.14483, -0.00014266, 'a(PST)']	[258.14483, -0.00014266, 'y(EK)-H2O']	[258.14483, -0.00014266, 'y(KQ)-NH3']	[258.14483, -0.00014266, 'y(AGK)-NH3']	[258.14483, -0.00014266, 'y(ASV)-H2O']	[258.14483, -0.00014266, 'y(GIS)-H2O']	[258.14483, -0.00014266, 'y(GLS)-H2O']	[258.14483, -0.00014266, 'y(GTV)-H2O']	[258.14483, -0.00014266, 'a(KSS)-NH3']	[258.14483, -0.00014266, 'a(TTT)-H2O']
259.09265	259.09238	48.2	7.3%	[259.09246, -8.309e-05, 'b(EE)']	[259.09246, -8.309e-05, 'y(EE)-H2O']	[259.09246, -8.309e-05, 'y(EQ)-NH3']	[259.09246, -8.309e-05, 'y(AAD)-NH3']	[259.09246, -8.309e-05, 'y(AEG)-NH3']	[259.09246, -8.309e-05, 'a(DST)-NH3']	[259.09246, -8.309e-05, 'a(ESS)-NH3']	[259.09246, -8.309e-05, 'b(SST)-NH3']	[259.09246, -8.309e-05, 'y(SST)-H2O-NH3']
260.10665	260.10638	48.0	4.7%	[260.10634, 3.639e-05, 'b(C[Carbamidomethyl]V)']	[260.10634, 3.639e-05, 'b(MQ)']	[260.10634, 3.639e-05, 'b(AGM)']	[260.10634, 3.639e-05, 'a(CPS)']	[260.10634, 3.639e-05, 'b(CGV)']	[260.10634, 3.639e-05, 'y(C[Carbamidomethyl]V)-H2O']	[260.10634, 3.639e-05, 'y(MQ)-H2O']	[260.10634, 3.639e-05, 'a(AM[Oxidation]S)-H2O']	[260.10634, 3.639e-05, 'y(AGM)-H2O']	[260.10634, 3.639e-05, 'a(CTT)-H2O']	[260.10634, 3.639e-05, 'y(CGV)-H2O']	[260.10634, 3.639e-05, 'a(GM[Oxidation]T)-H2O']	[260.10634, 3.639e-05, 'a(MSS)-H2O']	[260.10699, -0.00061361, 'b(FF)-H2O-NH3']
260.19712	260.19685	326.6	28.6%	[260.19687, -2.366e-05, 'y(IK)']	[260.19687, -2.366e-05, 'y(KL)']
261.15612	261.15585	106.9	11.9%	[261.15573, 0.00011577, 'y(KN)']	[261.15573, 0.00011577, 'y(GGK)']
262.1401	262.13983	108.9	8.8%	[262.13975, 7.514e-05, 'y(DK)']	[262.13975, 7.514e-05, 'y(AAT)']	[262.13975, 7.514e-05, 'y(GSV)']	[262.13975, 7.514e-05, 'a(STT)']
262.15138	262.15111	91.0	9.1%	[262.15098, 0.00012513, 'y(RS)']
265.11853	265.11826	108.8	10.8%	[265.11828, -2.715e-05, 'a(EY)']	[265.11828, -2.715e-05, 'b(TY)']	[265.11828, -2.715e-05, 'y(TY)-H2O']	[265.11828, -2.715e-05, 'b(ADI)-H2O-NH3']	[265.11828, -2.715e-05, 'b(ADL)-H2O-NH3']	[265.11828, -2.715e-05, 'b(AEV)-H2O-NH3']	[265.11828, -2.715e-05, 'a(DPP)-NH3']	[265.11828, -2.715e-05, 'a(EPT)-H2O-NH3']	[265.11828, -2.715e-05, 'b(EGI)-H2O-NH3']	[265.11828, -2.715e-05, 'b(EGL)-H2O-NH3']	[265.11828, -2.715e-05, 'b(PPS)-NH3']	[265.11828, -2.715e-05, 'b(PTT)-H2O-NH3']	[265.11828, -2.715e-05, 'y(PPS)-H2O-NH3']
267.10898	267.1087	74.7	8.7%	[267.10878, -7.895e-05, 'b(EH)']	[267.10878, -7.895e-05, 'y(EH)-H2O']	[267.10878, -7.895e-05, 'y(HQ)-NH3']	[267.10878, -7.895e-05, 'y(AGH)-NH3']	[267.10878, -7.895e-05, 'a(HSS)-NH3']	[267.10878, -7.895e-05, 'a(NNT)-H2O-NH3']	[267.10878, -7.895e-05, 'a(NQS)-H2O-NH3']
271.17677	271.17649	68.5	10.3%	[271.17647, 1.675e-05, 'a(AIN)']	[271.17647, 1.675e-05, 'a(ALN)']	[271.17647, 1.675e-05, 'a(AQV)']	[271.17647, 1.675e-05, 'b(AAK)']	[271.17647, 1.675e-05, 'a(GIQ)']	[271.17647, 1.675e-05, 'a(GLQ)']	[271.17647, 1.675e-05, 'y(IR)-NH3']	[271.17647, 1.675e-05, 'y(LR)-NH3']	[271.17647, 1.675e-05, 'y(AAK)-H2O']	[271.17647, 1.675e-05, 'a(KST)-H2O']
272.17195	272.17167	192.5	18.8%	[272.17172, -5.441e-05, 'y(PR)']	[272.17172, -5.441e-05, 'a(GKN)']
274.18768	274.1874	148.2	12.1%	[274.18737, 2.311e-05, 'y(RV)']
275.17169	275.1714	102.7	12.0%	[275.17138, 2.184e-05, 'y(KQ)']	[275.17138, 2.184e-05, 'y(AGK)']	[275.17138, 2.184e-05, 'a(KSS)']
276.15573	276.15544	156.5	17.8%	[276.1554, 4.054e-05, 'y(EK)']	[276.1554, 4.054e-05, 'y(ASV)']	[276.1554, 4.054e-05, 'y(GIS)']	[276.1554, 4.054e-05, 'y(GLS)']	[276.1554, 4.054e-05, 'y(GTV)']	[276.1554, 4.054e-05, 'a(TTT)']	[276.15673, -0.00128946, 'b(HR)-H2O']
278.15368	278.15339	72.6	7.6%	[278.15329, 9.782e-05, 'y(KM)']
279.09786	279.09757	37.1	4.0%	[279.09755, 1.649e-05, 'b(DY)']	[279.09755, 1.649e-05, 'y(DY)-H2O']	[279.09755, 1.649e-05, 'y(NY)-NH3']	[279.09755, 1.649e-05, 'a(DEP)-H2O-NH3']	[279.09755, 1.649e-05, 'b(DPT)-H2O-NH3']	[279.09755, 1.649e-05, 'b(EPS)-H2O-NH3']	[279.09755, 1.649e-05, 'y(GGY)-NH3']
283.14435	283.14405	39.7	3.5%	[283.1441, -4.941e-05, 'a(FY)']	[283.1441, -4.941e-05, 'b(IW)-NH3']	[283.1441, -4.941e-05, 'y(IW)-H2O-NH3']	[283.1441, -4.941e-05, 'b(LW)-NH3']	[283.1441, -4.941e-05, 'y(LW)-H2O-NH3']	[283.1441, -4.941e-05, 'b(AFV)-H2O-NH3']	[283.1441, -4.941e-05, 'a(FPT)-H2O-NH3']	[283.1441, -4.941e-05, 'b(FGI)-H2O-NH3']	[283.1441, -4.941e-05, 'b(FGL)-H2O-NH3']
288.20336	288.20305	284.6	25.4%	[288.20302, 3.29e-05, 'y(IR)']	[288.20302, 3.29e-05, 'y(LR)']
290.14631	290.146	43.3	6.0%	[290.1459, 9.993e-05, 'y(DR)']
293.1134	293.11309	36.7	4.8%	[293.1132, -0.00011456, 'b(EY)']	[293.1132, -0.00011456, 'y(EY)-H2O']	[293.1132, -0.00011456, 'y(QY)-NH3']	[293.1132, -0.00011456, 'y(AGY)-NH3']	[293.1132, -0.00011456, 'b(DPP)-NH3']	[293.1132, -0.00011456, 'y(DPP)-H2O-NH3']	[293.1132, -0.00011456, 'a(EEP)-H2O-NH3']	[293.1132, -0.00011456, 'b(EPT)-H2O-NH3']	[293.1132, -0.00011456, 'y(FGS)-NH3']	[293.1132, -0.00011456, 'a(SSY)-NH3']
294.1816	294.18129	65.5	7.4%	[294.18122, 6.385e-05, 'y(FK)']	[294.18122, 6.385e-05, 'b(PPV)']	[294.18122, 6.385e-05, 'a(DIK)-H2O-NH3']	[294.18122, 6.385e-05, 'a(DKL)-H2O-NH3']	[294.18122, 6.385e-05, 'a(EIP)-H2O']	[294.18122, 6.385e-05, 'a(EKV)-H2O-NH3']	[294.18122, 6.385e-05, 'a(ELP)-H2O']	[294.18122, 6.385e-05, 'a(IPQ)-NH3']	[294.18122, 6.385e-05, 'b(IKS)-H2O-NH3']	[294.18122, 6.385e-05, 'b(IPT)-H2O']	[294.18122, 6.385e-05, 'b(KLS)-H2O-NH3']	[294.18122, 6.385e-05, 'b(KTV)-H2O-NH3']	[294.18122, 6.385e-05, 'a(LPQ)-NH3']	[294.18122, 6.385e-05, 'b(LPT)-H2O']	[294.18122, 6.385e-05, 'y(PPV)-H2O']
299.06205	299.06173	102.6	4.8%	[299.06309, -0.0013631, 'a(CCH)-NH3']
301.12966	301.12933	38.5	4.1%	[301.12952, -0.00018583, 'b(HY)']	[301.12952, -0.00018583, 'b(NW)']	[301.12952, -0.00018583, 'b(GGW)']	[301.12952, -0.00018583, 'y(HY)-H2O']	[301.12952, -0.00018583, 'y(NW)-H2O']	[301.12952, -0.00018583, 'a(EHP)-H2O-NH3']	[301.12952, -0.00018583, 'b(FGN)-H2O']	[301.12952, -0.00018583, 'y(GGW)-H2O']	[301.12952, -0.00018583, 'b(HPT)-H2O-NH3']
303.17782	303.17749	58.6	8.2%	[303.17753, -3.837e-05, 'y(QR)']	[303.17753, -3.837e-05, 'y(AGR)']	[303.17753, -3.837e-05, 'a(RSS)']
304.16193	304.1616	79.4	11.2%	[304.16155, 5.048e-05, 'y(ER)']
310.17646	310.17612	105.8	10.8%	[310.17613, -5.37e-06, 'y(KY)']	[310.17613, -5.37e-06, 'y(PPP)']	[310.17613, -5.37e-06, 'b(DIV)-H2O']	[310.17613, -5.37e-06, 'b(DLV)-H2O']	[310.17613, -5.37e-06, 'a(EKP)-NH3']	[310.17613, -5.37e-06, 'b(EVV)-H2O']	[310.17613, -5.37e-06, 'b(INV)-NH3']	[310.17613, -5.37e-06, 'y(INV)-H2O-NH3']	[310.17613, -5.37e-06, 'b(KPT)-NH3']	[310.17613, -5.37e-06, 'y(KPT)-H2O-NH3']	[310.17613, -5.37e-06, 'b(LNV)-NH3']	[310.17613, -5.37e-06, 'y(LNV)-H2O-NH3']	[310.17613, -5.37e-06, 'b(QVV)-NH3']	[310.17613, -5.37e-06, 'y(QVV)-H2O-NH3']
317.2188	317.21846	34.7	5.0%	[317.21833, 0.00013113, 'y(AKV)']	[317.21833, 0.00013113, 'y(GIK)']	[317.21833, 0.00013113, 'y(GKL)']
322.18774	322.1874	47.3	5.9%	[322.18737, 3.152e-05, 'y(FR)']	[322.18737, 3.152e-05, 'b(AHI)']	[322.18737, 3.152e-05, 'b(AHL)']	[322.18737, 3.152e-05, 'y(AHI)-H2O']	[322.18737, 3.152e-05, 'y(AHL)-H2O']	[322.18737, 3.152e-05, 'a(DIR)-H2O-NH3']	[322.18737, 3.152e-05, 'a(DLR)-H2O-NH3']	[322.18737, 3.152e-05, 'a(ERV)-H2O-NH3']	[322.18737, 3.152e-05, 'a(HKT)-NH3']	[322.18737, 3.152e-05, 'b(IRS)-H2O-NH3']	[322.18737, 3.152e-05, 'a(KQQ)-H2O-NH3']	[322.18737, 3.152e-05, 'b(KNP)-H2O']	[322.18737, 3.152e-05, 'b(LRS)-H2O-NH3']	[322.18737, 3.152e-05, 'b(RTV)-H2O-NH3']
338.1826	338.18228	55.3	7.4%	[338.18228, 5.39e-06, 'y(RY)']	[338.18228, 5.39e-06, 'a(DHI)']	[338.18228, 5.39e-06, 'a(DHL)']	[338.18228, 5.39e-06, 'a(EHV)']	[338.18228, 5.39e-06, 'b(HIS)']	[338.18228, 5.39e-06, 'b(HLS)']	[338.18228, 5.39e-06, 'b(HTV)']	[338.18228, 5.39e-06, 'y(AHK)-NH3']	[338.18228, 5.39e-06, 'a(EPR)-NH3']	[338.18228, 5.39e-06, 'y(HIS)-H2O']	[338.18228, 5.39e-06, 'y(HLS)-H2O']	[338.18228, 5.39e-06, 'y(HTV)-H2O']	[338.18228, 5.39e-06, 'b(INQ)-H2O']	[338.18228, 5.39e-06, 'b(LNQ)-H2O']	[338.18228, 5.39e-06, 'b(PRT)-NH3']	[338.18228, 5.39e-06, 'y(PRT)-H2O-NH3']	[338.18228, 5.39e-06, 'b(QQV)-H2O']
345.21363	345.21333	44.7	2.4%	[345.21325, 9.018e-05, 'y(INV)']	[345.21325, 9.018e-05, 'y(KPT)']	[345.21325, 9.018e-05, 'y(LNV)']	[345.21325, 9.018e-05, 'y(QVV)']	[345.21325, 9.018e-05, 'y(KKS)-NH3']	[345.21458, -0.00123982, 'a(HPR)-H2O']
359.02888	359.02867	263.7	7.2%
360.02935	360.02914	91.8	4.8%
361.02682	361.02662	61.5	3.8%
370.68838	370.68828	45.2	1.2%
399.23585	399.23628	26.2	3.8%	[399.23504, 0.0012261, 'b(EIR)']	[399.23504, 0.0012261, 'b(ELR)']
