100.07567	44.4	[100.07569, -3e-05, 'b-V']	[100.0756953163, -3e-05, 'y-V-H2O']
101.07095	3363.3	[101.07094, 0.0, 'IQ']	[101.07094, 0.0, 'a-AG']
101.1073	339.5	[101.10732, -3e-05, 'IK']
102.05498	4212.6	[102.05495, 1e-05, 'IE']	[102.05495, 1e-05, 'b-T']	[102.05495531630001, 1e-05, 'y-T-H2O']
103.05419	82.4	[103.05423089899, -5e-05, 'IF-NH3']
104.05286	2701.3	[104.05285, 0.0, 'IM']
105.06585	204.1	[105.06585350528, -1e-05, 'C3H8N2O2']
106.04867	80.5	[106.04852641867001, 0.00013, 'CH5N4O2']
110.07132	7500.7	[110.07127, 4e-05, 'IH']
111.07476	188.8	[111.07462, 0.00013, 'IH+i']
112.08689	933.9	[112.08692, -3e-05, 'IR-NH3']	[112.08692089899, -3e-05, 'IR-NH3']
113.07091	352.2	[113.07093531630001, -3e-05, 'a-AS-H2O']	[113.07093531630001, -3e-05, 'a-GT-H2O']
114.09135	76.9	[114.09134, 0.0, 'b-I']	[114.09134, 0.0, 'b-L']	[114.0913453163, 0.0, 'y-I-H2O']	[114.0913453163, 0.0, 'y-L-H2O']
115.05025	207.3	[115.0502, 4e-05, 'b-GG']	[115.0502, 4e-05, 'b-N']	[115.0502053163, 4e-05, 'y-GG-H2O']	[115.0502053163, 4e-05, 'y-N-H2O']
115.0866	955.4	[115.08659, 0.0, 'a-AA']
116.01644	66.5	[116.01646089899, -2e-05, 'IC[Carbamidomethyl]-NH3']	[116.01646089899, -2e-05, 'a-CG-NH3']
116.0706	728.1	[116.0706, 0.0, 'IR+H2O+H2O-N3H7']	[116.0706, 0.0, 'y-P']
117.06585	89.7	[117.06585, 0.0, 'a-GS']
117.10227	120.2	[117.102239014, 2e-05, 'C5H12N2O']
119.04911	223.1	[119.04914089899, -3e-05, 'IY-NH3']
119.08155	196.4	[119.08150356942001, 4e-05, 'C4H10N2O2']
120.08081	4838.9	[120.08078, 2e-05, 'IF']
121.08422	338.7	[121.08413, 8e-05, 'IF+i']
126.05495	155.9	[126.05495089899, 0.0, 'b-AA-NH3']	[126.05495621529, 0.0, 'a-ST-H2O-NH3']	[126.05495621529, 0.0, 'y-AA-H2O-NH3']
126.09132	105.6	[126.09134089898998, -1e-05, 'a-AV-NH3']	[126.09134089898998, -1e-05, 'a-GI-NH3']	[126.09134089898998, -1e-05, 'a-GL-NH3']
127.05019	125.8	[127.05020089899, 0.0, 'a-GGG-NH3']	[127.05020089899, 0.0, 'a-GN-NH3']	[127.0502053163, -1e-05, 'a-DG-H2O']	[127.0502053163, -1e-05, 'b-GS-H2O']
127.08658	665.0	[127.0865853163, 0.0, 'a-AT-H2O']	[127.08659, 0.0, 'a-GP']
128.10697	152.9
129.06585	1319.2	[129.06585, 0.0, 'IQ+CO']	[129.06585, 0.0, 'b-AG']	[129.06585, 0.0, 'b-Q']	[129.0658553163, 0.0, 'a-SS-H2O']	[129.0658553163, 0.0, 'y-AG-H2O']	[129.0658553163, 0.0, 'y-Q-H2O']
129.09243	51.6
129.10224	12125.6	[129.10223531629998, 0.0, 'IK+CO+H2O-H2O']	[129.10223531629998, 0.0, 'y-K-H2O']	[129.10224, 0.0, 'a-GV']	[129.10224, 0.0, 'b-K']	[129.10223, 1e-05, 'IK+CO']
129.11249	132.3	[129.11347, -0.00097, 'IR']
130.04985	308.4	[130.0498653163, -1e-05, 'y-E-H2O']	[130.04987, -1e-05, 'b-E']	[130.04987089899, -1e-05, 'a-SS-NH3']	[130.04987089899, -1e-05, 'y-AG-NH3']	[130.04987089899, -1e-05, 'y-Q-NH3']
130.06513	128.2	[130.0651253163, 0.0, 'b-F-H2O']	[130.06512, 1e-05, 'IW-CH3N']
130.08632	4144.7	[130.08625, 7e-05, 'IK+CO+H2O-NH3']	[130.08625089899, 7e-05, 'IK+CO+H2O-NH3']	[130.08625089899, 7e-05, 'y-K-NH3']
130.09646	55.5
130.10557	466.4	[130.1055853163, -1e-05, 'y-K+i-H2O']	[130.10559, -1e-05, 'b-K+i']
131.08134	327.3	[131.0815, -0.00015, 'a-AS']	[131.0815, -0.00015, 'a-GT']
131.08997	61.2	[131.08960089899, 0.00037, 'y-K+i-NH3']
131.11786	347.4
132.07676	53.8
132.08074	94.4	[132.08077, -2e-05, 'IW-CHN']	[132.08077621528997, -3e-05, 'a-PP-H2O-NH3']
133.04299	437.2	[133.04301, -1e-05, 'IC[Carbamidomethyl]']	[133.04301, -1e-05, 'a-CG']
133.06073	225.8	[133.06077, -3e-05, 'y-GG']	[133.06077, -3e-05, 'y-N']
136.06182	61.8
136.0757	6894.7	[136.07568621528998, 1e-05, 'a-PT-H2O-NH3']	[136.07568621528998, 1e-05, 'b-AV-H2O-NH3']	[136.07568621528998, 1e-05, 'b-GI-H2O-NH3']	[136.07568621528998, 1e-05, 'b-GL-H2O-NH3']	[136.07569, 1e-05, 'IY']
137.0791	420.7	[137.07904, 6e-05, 'IY+i']
138.06616	138.5	[138.0661853163, -2e-05, 'IH+CO+H2O-H2O']	[138.0661853163, -2e-05, 'y-H-H2O']	[138.06619, -2e-05, 'b-H']
140.07061	138.5	[140.07060621529, 0.0, 'a-TT-H2O-NH3']	[140.07060621529, 0.0, 'y-GV-H2O-NH3']	[140.07060089899, 1e-05, 'a-PS-NH3']	[140.07060089899, 1e-05, 'b-GV-NH3']
141.06579	444.4	[141.06585089899, -5e-05, 'a-AGG-NH3']	[141.06585089899, -5e-05, 'a-AN-NH3']	[141.06585089899, -5e-05, 'a-GQ-NH3']	[141.0658553163, -6e-05, 'a-AD-H2O']	[141.0658553163, -6e-05, 'a-EG-H2O']	[141.0658553163, -6e-05, 'b-AS-H2O']	[141.0658553163, -6e-05, 'b-GT-H2O']
141.1022	471.2	[141.10223531629998, -3e-05, 'a-SV-H2O']	[141.10224, -3e-05, 'a-AP']	[141.10224089899, -3e-05, 'a-GK-NH3']
142.12265	96.3
143.08153	395.9	[143.0815053163, 2e-05, 'a-ST-H2O']	[143.0815053163, 2e-05, 'y-AA-H2O']	[143.0815, 3e-05, 'b-AA']
143.11788	933.6	[143.11789, 0.0, 'a-AV']	[143.11789, 0.0, 'a-GI']	[143.11789, 0.0, 'a-GL']
144.06549	47.2	[144.06552089899, -2e-05, 'a-ST-NH3']	[144.06552089899, -2e-05, 'y-AA-NH3']
144.08079	61.7
145.06077	175.4	[145.06076531629998, 0.0, 'y-GS-H2O']	[145.06077, 0.0, 'a-DG']	[145.06077, 0.0, 'b-GS']
145.09715	322.4	[145.09715, 0.0, 'a-AT']
146.06337	54.6
147.04405	80.3	[147.04405089899, 0.0, 'b-Y-NH3']	[147.04405621528997, 0.0, 'y-Y-H2O-NH3']
147.07644	175.0	[147.07642, 2e-05, 'a-SS']	[147.07642, 2e-05, 'y-AG']	[147.07642, 2e-05, 'y-Q']
147.10045	93.3
147.11279	7173.2	[147.1128, 0.0, 'IK+CO+H2O']	[147.1128, 0.0, 'y-K']
148.11616	238.3	[148.11615, 1e-05, 'y-K+i']
149.04489	154.1	[149.0460253163, -0.00113, 'y-M[Oxidation]+i-H2O']	[149.04603, -0.00113, 'b-M[Oxidation]+i']
149.07432	99.0
150.0583	41.1	[150.05833, -2e-05, 'y-M']
154.09748	48.3	[154.09748531629998, 0.0, 'a-AAG-H2O']	[154.09748531629998, 0.0, 'a-AQ-H2O']
155.08139	651.5	[155.0815, -0.0001, 'b-GP']	[155.08150089899, -0.0001, 'a-AAG-NH3']	[155.08150089899, -0.0001, 'a-AQ-NH3']	[155.0815053163, -0.00011, 'a-AE-H2O']	[155.0815053163, -0.00011, 'b-AT-H2O']	[155.0815053163, -0.00011, 'y-GP-H2O']
155.11782	169.7	[155.11788531629998, -6e-05, 'a-IS-H2O']	[155.11788531629998, -6e-05, 'a-LS-H2O']	[155.11788531629998, -6e-05, 'a-TV-H2O']	[155.11789089899, -6e-05, 'a-AK-NH3']
156.07671	135.8	[156.07675, -3e-05, 'IH+CO+H2O']	[156.07675, -3e-05, 'y-H']	[156.0767553163, -4e-05, 'a-GGS-H2O']	[156.0767553163, -4e-05, 'a-NS-H2O']
157.06073	180.8	[157.06076531629998, -3e-05, 'a-DS-H2O']	[157.06076531629998, -3e-05, 'b-SS-H2O']	[157.06077089899, -3e-05, 'a-GGS-NH3']	[157.06077089899, -3e-05, 'a-NS-NH3']
157.09693	304.6	[157.09715, -0.00021, 'a-PS']	[157.09715, -0.00021, 'b-GV']	[157.0971553163, -0.00022, 'a-TT-H2O']	[157.0971553163, -0.00022, 'y-GV-H2O']
157.10885	106.5	[157.1083853163, 0.00046, 'IK+CO+H2ON2-H2O']	[157.1083853163, 0.00046, 'IR+CO+H2O-H2O']	[157.1083853163, 0.00046, 'y-R-H2O']	[157.10839, 0.00046, 'b-R']
157.13351	572.1	[157.13354, -2e-05, 'a-AI']	[157.13354, -2e-05, 'a-AL']
158.09235	1078.9	[158.0924, -4e-05, 'a-AGG']	[158.0924, -4e-05, 'a-AN']	[158.0924, -4e-05, 'a-GQ']	[158.09240089899, -4e-05, 'IK+CO+H2ON2-NH3']	[158.09240089899, -4e-05, 'IR+CO+H2O-NH3']	[158.09240089899, -4e-05, 'y-R-NH3']
159.07646	689.2	[159.0764153163, 4e-05, 'y-AS-H2O']	[159.0764153163, 4e-05, 'y-GT-H2O']	[159.07642, 4e-05, 'a-AD']	[159.07642, 4e-05, 'a-EG']	[159.07642, 4e-05, 'b-AS']	[159.07642, 4e-05, 'b-GT']
159.0916	316.3	[159.09167, -6e-05, 'IW']	[159.09167531629998, -7e-05, 'a-FG-H2O']
159.11279	477.1	[159.1128, 0.0, 'a-SV']
160.07922	39.5
161.09205	115.9	[161.09207, -1e-05, 'a-ST']	[161.09207, -1e-05, 'y-AA']
165.10226	69.5	[165.10223621529002, 2e-05, 'a-AGV-H2O-NH3']	[165.10223621529002, 2e-05, 'a-GGI-H2O-NH3']	[165.10223621529002, 2e-05, 'a-GGL-H2O-NH3']	[165.10223621529002, 2e-05, 'a-IN-H2O-NH3']	[165.10223621529002, 2e-05, 'a-LN-H2O-NH3']	[165.10223621529002, 2e-05, 'a-QV-H2O-NH3']	[165.10223621529002, 2e-05, 'b-AK-H2O-NH3']
166.06118	225.2	[166.06110621529, 7e-05, 'a-GGN-H2O-NH3']	[166.06110621529, 7e-05, 'a-NN-H2O-NH3']
167.05552	268.9
167.08138	270.3	[167.08150089899, -0.00011, 'a-GGP-NH3']	[167.08150089899, -0.00011, 'a-NP-NH3']	[167.0815053163, -0.00012, 'a-DP-H2O']	[167.0815053163, -0.00012, 'b-PS-H2O']	[167.08150621529, -0.00012, 'a-AAS-H2O-NH3']	[167.08150621529, -0.00012, 'a-AGT-H2O-NH3']	[167.08150621529, -0.00012, 'a-QT-H2O-NH3']
167.09298	42.3	[167.09274, 0.00024, 'a-GH']
169.06075	127.1	[169.06076531629998, -1e-05, 'b-AD-H2O']	[169.06076531629998, -1e-05, 'b-EG-H2O']	[169.06076621529002, -1e-05, 'a-GSS-H2O-NH3']	[169.06076621529002, -1e-05, 'y-AGG-H2O-NH3']	[169.06076621529002, -1e-05, 'y-AN-H2O-NH3']	[169.06076621529002, -1e-05, 'y-GQ-H2O-NH3']	[169.06077089899, -1e-05, 'b-AGG-NH3']	[169.06077089899, -1e-05, 'b-AN-NH3']	[169.06077089899, -1e-05, 'b-GQ-NH3']
169.09712	330.0	[169.09715, -2e-05, 'b-AP']	[169.09715089899, -2e-05, 'a-AAA-NH3']	[169.09715089899, -2e-05, 'a-GGV-NH3']	[169.09715089899, -2e-05, 'a-NV-NH3']	[169.09715089899, -2e-05, 'b-GK-NH3']	[169.0971553163, -3e-05, 'a-DV-H2O']	[169.0971553163, -3e-05, 'b-SV-H2O']	[169.0971553163, -3e-05, 'y-AP-H2O']	[169.09715621529, -3e-05, 'y-GK-H2O-NH3']
169.13353	296.2	[169.1335353163, 0.0, 'a-IT-H2O']	[169.1335353163, 0.0, 'a-LT-H2O']	[169.13354, 0.0, 'a-PV']
170.06004	116.6	[170.06003621528998, 0.0, 'b-FG-H2O-NH3']	[170.06003621528998, 0.0, 'y-W-H2O-NH3']	[170.06004, 0.0, 'IW+CO-NH3']	[170.06004089899, 0.0, 'b-W-NH3']	[170.06003089899, 1e-05, 'IW+CO-NH3']
170.09238	59.2	[170.0924053163, -2e-05, 'a-AGS-H2O']	[170.0924053163, -2e-05, 'a-GGT-H2O']	[170.0924053163, -2e-05, 'a-NT-H2O']	[170.0924053163, -2e-05, 'a-QS-H2O']
171.07638	345.6	[171.0764153163, -3e-05, 'a-DT-H2O']	[171.0764153163, -3e-05, 'a-ES-H2O']	[171.0764153163, -3e-05, 'b-ST-H2O']	[171.07642089899, -3e-05, 'a-AGS-NH3']	[171.07642089899, -3e-05, 'a-GGT-NH3']	[171.07642089899, -3e-05, 'a-NT-NH3']	[171.07642089899, -3e-05, 'a-QS-NH3']
171.11277	449.0	[171.1128, -2e-05, 'a-PT']	[171.1128, -2e-05, 'b-AV']	[171.1128, -2e-05, 'b-GI']	[171.1128, -2e-05, 'b-GL']	[171.11280089899, -2e-05, 'a-KS-NH3']	[171.11280531629998, -3e-05, 'y-AV-H2O']	[171.11280531629998, -3e-05, 'y-GI-H2O']	[171.11280531629998, -3e-05, 'y-GL-H2O']
171.1492	213.9	[171.14919, 1e-05, 'a-VV']
172.11553	50.8
173.0557	72.1	[173.05568531629999, 1e-05, 'y-DG-H2O']	[173.05568, 2e-05, 'b-DG']	[173.05568089899, 2e-05, 'y-GGG-NH3']	[173.05568089899, 2e-05, 'y-GN-NH3']
173.09211	454.0	[173.0920653163, 4e-05, 'y-AT-H2O']	[173.09207, 4e-05, 'a-AE']	[173.09207, 4e-05, 'b-AT']	[173.09207, 4e-05, 'y-GP']
173.1285	985.4	[173.12845, 5e-05, 'a-IS']	[173.12845, 5e-05, 'a-LS']	[173.12845, 5e-05, 'a-TV']
174.08732	35.5	[174.08732, 0.0, 'a-GGS']	[174.08732, 0.0, 'a-NS']
174.13184	48.9
175.07144	170.1	[175.07133531629998, 0.0001, 'y-SS-H2O']	[175.07133, 0.00011, 'a-DS']	[175.07133, 0.00011, 'b-SS']
175.09017	76.4	[175.08996, 0.00021, 'a-AM']	[175.08996, 0.00021, 'a-CV']
175.11904	5695.1	[175.11895, 9e-05, 'IK+CO+H2ON2']	[175.11895, 9e-05, 'IR+CO+H2O']	[175.11895, 9e-05, 'y-R']
176.12205	172.9	[176.1223, -0.00024, 'y-R+i']
177.10228	72.7	[177.10223531629998, 4e-05, 'b-PP-H2O']	[177.10223621529002, 4e-05, 'a-AAP-H2O-NH3']	[177.10224, 4e-05, 'a-FG']
181.06067	153.3	[181.06076621529002, -9e-05, 'a-ADG-H2O-NH3']	[181.06076621529002, -9e-05, 'a-DQ-H2O-NH3']	[181.06076621529002, -9e-05, 'a-EGG-H2O-NH3']	[181.06076621529002, -9e-05, 'a-EN-H2O-NH3']	[181.06076621529002, -9e-05, 'b-AGS-H2O-NH3']	[181.06076621529002, -9e-05, 'b-GGT-H2O-NH3']	[181.06076621529002, -9e-05, 'b-NT-H2O-NH3']	[181.06076621529002, -9e-05, 'b-QS-H2O-NH3']
181.09704	142.2	[181.09715089899, -0.00011, 'a-AGP-NH3']	[181.09715089899, -0.00011, 'a-PQ-NH3']	[181.0971553163, -0.00011, 'a-EP-H2O']	[181.0971553163, -0.00011, 'b-PT-H2O']	[181.09715621529, -0.00011, 'a-AAT-H2O-NH3']	[181.09715621529, -0.00011, 'a-DK-H2O-NH3']	[181.09715621529, -0.00011, 'a-GSV-H2O-NH3']	[181.09715621529, -0.00011, 'b-KS-H2O-NH3']
182.09255	49.6	[182.0924053163, 0.00014, 'b-AAG-H2O']	[182.0924053163, 0.00014, 'b-AQ-H2O']
182.12883	52.0	[182.1287853163, 4e-05, 'a-AGV-H2O']	[182.1287853163, 4e-05, 'a-GGI-H2O']	[182.1287853163, 4e-05, 'a-GGL-H2O']	[182.1287853163, 4e-05, 'a-IN-H2O']	[182.1287853163, 4e-05, 'a-LN-H2O']	[182.1287853163, 4e-05, 'a-QV-H2O']	[182.1287853163, 4e-05, 'b-AK-H2O']
183.0764	151.5	[183.0764153163, -1e-05, 'b-AE-H2O']	[183.07641621529, -1e-05, 'a-ASS-H2O-NH3']	[183.07641621529, -1e-05, 'a-GST-H2O-NH3']	[183.07641621529, -1e-05, 'y-AAG-H2O-NH3']	[183.07641621529, -1e-05, 'y-AQ-H2O-NH3']	[183.07642089899, -2e-05, 'b-AAG-NH3']	[183.07642089899, -2e-05, 'b-AQ-NH3']
183.11283	610.1	[183.11280089899, 2e-05, 'a-AGV-NH3']	[183.11280089899, 2e-05, 'a-GGI-NH3']	[183.11280089899, 2e-05, 'a-GGL-NH3']	[183.11280089899, 2e-05, 'a-IN-NH3']	[183.11280089899, 2e-05, 'a-LN-NH3']	[183.11280089899, 2e-05, 'a-QV-NH3']	[183.11280089899, 2e-05, 'b-AK-NH3']	[183.11280531629998, 2e-05, 'a-DI-H2O']	[183.11280531629998, 2e-05, 'a-DL-H2O']	[183.11280531629998, 2e-05, 'a-EV-H2O']	[183.11280531629998, 2e-05, 'b-IS-H2O']	[183.11280531629998, 2e-05, 'b-LS-H2O']	[183.11280531629998, 2e-05, 'b-TV-H2O']	[183.11280621529, 2e-05, 'y-AK-H2O-NH3']
183.14917	195.4	[183.14919, -1e-05, 'a-IP']	[183.14919, -1e-05, 'a-LP']	[183.14919089898999, -2e-05, 'a-KV-NH3']
185.0557	128.7	[185.05568089899, 1e-05, 'a-DGG-NH3']	[185.05568089899, 1e-05, 'a-DN-NH3']	[185.05568089899, 1e-05, 'b-GGS-NH3']	[185.05568089899, 1e-05, 'b-NS-NH3']	[185.05568531629999, 1e-05, 'a-DD-H2O']	[185.05568531629999, 1e-05, 'b-DS-H2O']	[185.05568621529, 1e-05, 'y-GGS-H2O-NH3']	[185.05568621529, 1e-05, 'y-NS-H2O-NH3']
185.09198	427.2	[185.0920653163, -8e-05, 'a-ET-H2O']	[185.0920653163, -8e-05, 'b-TT-H2O']	[185.0920653163, -8e-05, 'y-PS-H2O']	[185.09207, -8e-05, 'a-DP']	[185.09207, -8e-05, 'b-PS']	[185.09207089899, -9e-05, 'a-AAS-NH3']	[185.09207089899, -9e-05, 'a-AGT-NH3']	[185.09207089899, -9e-05, 'a-QT-NH3']
185.12848	269.2	[185.12845089899, 2e-05, 'a-KT-NH3']	[185.12845531629998, 2e-05, 'y-AI-H2O']	[185.12845531629998, 2e-05, 'y-AL-H2O']	[185.12845, 3e-05, 'b-AI']	[185.12845, 3e-05, 'b-AL']
185.16492	587.3	[185.16484, 8e-05, 'a-IV']	[185.16484, 8e-05, 'a-LV']
186.08734	165.7	[186.0873153163, 2e-05, 'a-GSS-H2O']	[186.0873153163, 2e-05, 'y-AGG-H2O']	[186.0873153163, 2e-05, 'y-AN-H2O']	[186.0873153163, 2e-05, 'y-GQ-H2O']	[186.08732, 2e-05, 'b-AGG']	[186.08732, 2e-05, 'b-AN']	[186.08732, 2e-05, 'b-GQ']
186.12371	252.7	[186.12370531629998, 0.0, 'y-GK-H2O']	[186.1237, 1e-05, 'a-AAA']	[186.1237, 1e-05, 'a-GGV']	[186.1237, 1e-05, 'a-NV']	[186.1237, 1e-05, 'b-GK']
186.16827	46.7
187.07133	343.3	[187.07133, 0.0, 'b-AD']	[187.07133, 0.0, 'b-EG']	[187.07133089899, 0.0, 'a-GSS-NH3']	[187.07133089899, 0.0, 'y-AGG-NH3']	[187.07133089899, 0.0, 'y-AN-NH3']	[187.07133089899, 0.0, 'y-GQ-NH3']	[187.07133531629998, 0.0, 'y-AD-H2O']	[187.07133531629998, 0.0, 'y-EG-H2O']
187.0899	41.0	[187.08996089899, -6e-05, 'a-CK-NH3']	[187.08996531629998, -6e-05, 'a-MT-H2O']
187.10771	453.1	[187.1077153163, 0.0, 'y-SV-H2O']	[187.10772, 0.0, 'a-DV']	[187.10772, 0.0, 'b-SV']	[187.10772, 0.0, 'y-AP']	[187.10772089898998, -1e-05, 'y-GK-NH3']
187.14412	466.4	[187.1441, 2e-05, 'a-IT']	[187.1441, 2e-05, 'a-LT']
188.10303	35.6	[188.10297, 6e-05, 'a-AGS']	[188.10297, 6e-05, 'a-GGT']	[188.10297, 6e-05, 'a-NT']	[188.10297, 6e-05, 'a-QS']
189.06924	47.3	[189.0692253163, 1e-05, 'a-M[Oxidation]S-H2O']	[189.0692253163, 1e-05, 'y-GM-H2O']	[189.06923, 1e-05, 'b-GM']
189.08695	336.1	[189.08698, -2e-05, 'a-DT']	[189.08698, -2e-05, 'a-ES']	[189.08698, -2e-05, 'b-ST']	[189.0869853163, -3e-05, 'y-ST-H2O']
191.08483	61.3	[191.08488, -4e-05, 'a-AM[Oxidation]']	[191.08488, -4e-05, 'a-MS']
193.09716	87.5	[193.09715621529, 0.0, 'a-APS-H2O-NH3']	[193.09715621529, 0.0, 'a-GPT-H2O-NH3']	[193.09715621529, 0.0, 'b-AGV-H2O-NH3']	[193.09715621529, 0.0, 'b-GGI-H2O-NH3']	[193.09715621529, 0.0, 'b-GGL-H2O-NH3']	[193.09715621529, 0.0, 'b-IN-H2O-NH3']	[193.09715621529, 0.0, 'b-LN-H2O-NH3']	[193.09715621529, 0.0, 'b-QV-H2O-NH3']	[193.09715, 1e-05, 'a-GY']
195.07622	143.0	[195.0764153163, -0.00019, 'b-DP-H2O']	[195.07641621529, -0.00019, 'a-AAD-H2O-NH3']	[195.07641621529, -0.00019, 'a-AEG-H2O-NH3']	[195.07641621529, -0.00019, 'a-EQ-H2O-NH3']	[195.07641621529, -0.00019, 'b-AAS-H2O-NH3']	[195.07641621529, -0.00019, 'b-AGT-H2O-NH3']	[195.07641621529, -0.00019, 'b-QT-H2O-NH3']	[195.07641621529, -0.00019, 'y-GGP-H2O-NH3']	[195.07641621529, -0.00019, 'y-NP-H2O-NH3']	[195.07642089899, -0.0002, 'b-GGP-NH3']	[195.07642089899, -0.0002, 'b-NP-NH3']
195.08796	78.2	[195.0876553163, 0.0003, 'y-GH-H2O']	[195.08765, 0.00031, 'b-GH']
196.14445	91.2	[196.1444353163, 1e-05, 'a-AAV-H2O']	[196.1444353163, 1e-05, 'a-AGI-H2O']	[196.1444353163, 1e-05, 'a-AGL-H2O']	[196.1444353163, 1e-05, 'a-IQ-H2O']	[196.1444353163, 1e-05, 'a-LQ-H2O']
197.12849	670.8	[197.12845089899, 3e-05, 'a-AAV-NH3']	[197.12845089899, 3e-05, 'a-AGI-NH3']	[197.12845089899, 3e-05, 'a-AGL-NH3']	[197.12845089899, 3e-05, 'a-IQ-NH3']	[197.12845089899, 3e-05, 'a-LQ-NH3']	[197.12845531629998, 3e-05, 'a-EI-H2O']	[197.12845531629998, 3e-05, 'a-EL-H2O']	[197.12845531629998, 3e-05, 'b-IT-H2O']	[197.12845531629998, 3e-05, 'b-LT-H2O']	[197.12845531629998, 3e-05, 'y-PV-H2O']	[197.12845, 4e-05, 'b-PV']
197.16469	47.5	[197.16484089899, -0.00015, 'a-IK-NH3']	[197.16484089899, -0.00015, 'a-KL-NH3']
198.08729	80.3	[198.0873153163, -2e-05, 'a-ADG-H2O']	[198.0873153163, -2e-05, 'a-DQ-H2O']	[198.0873153163, -2e-05, 'a-EGG-H2O']	[198.0873153163, -2e-05, 'a-EN-H2O']	[198.0873153163, -2e-05, 'b-AGS-H2O']	[198.0873153163, -2e-05, 'b-GGT-H2O']	[198.0873153163, -2e-05, 'b-NT-H2O']	[198.0873153163, -2e-05, 'b-QS-H2O']	[198.08732089899, -3e-05, 'a-AGN-NH3']	[198.08732089899, -3e-05, 'a-GGQ-NH3']	[198.08732089899, -3e-05, 'a-NQ-NH3']
199.07129	232.1	[199.07133089899, -4e-05, 'a-ADG-NH3']	[199.07133089899, -4e-05, 'a-DQ-NH3']	[199.07133089899, -4e-05, 'a-EGG-NH3']	[199.07133089899, -4e-05, 'a-EN-NH3']	[199.07133089899, -4e-05, 'b-AGS-NH3']	[199.07133089899, -4e-05, 'b-GGT-NH3']	[199.07133089899, -4e-05, 'b-NT-NH3']	[199.07133089899, -4e-05, 'b-QS-NH3']	[199.07133531629998, -4e-05, 'a-DE-H2O']	[199.07133531629998, -4e-05, 'b-DT-H2O']	[199.07133531629998, -4e-05, 'b-ES-H2O']	[199.07133621529, -4e-05, 'a-SSS-H2O-NH3']	[199.07133621529, -4e-05, 'y-AGS-H2O-NH3']	[199.07133621529, -4e-05, 'y-GGT-H2O-NH3']	[199.07133621529, -4e-05, 'y-NT-H2O-NH3']	[199.07133621529, -4e-05, 'y-QS-H2O-NH3']
199.10763	185.5	[199.1077153163, -8e-05, 'y-PT-H2O']	[199.10771621529, -8e-05, 'y-KS-H2O-NH3']	[199.10772, -8e-05, 'a-EP']	[199.10772, -8e-05, 'b-PT']	[199.10772089898998, -9e-05, 'a-AAT-NH3']	[199.10772089898998, -9e-05, 'a-DK-NH3']	[199.10772089898998, -9e-05, 'a-GSV-NH3']	[199.10772089898998, -9e-05, 'b-KS-NH3']
199.1441	45.2	[199.1441, 0.0, 'b-VV']	[199.1441053163, 0.0, 'y-VV-H2O']
199.18052	400.3	[199.18049, 3e-05, 'a-II']	[199.18049, 3e-05, 'a-IL']	[199.18049, 3e-05, 'a-LL']
200.10306	152.4	[200.1029653163, 9e-05, 'a-ASS-H2O']	[200.1029653163, 9e-05, 'a-GST-H2O']	[200.1029653163, 9e-05, 'y-AAG-H2O']	[200.1029653163, 9e-05, 'y-AQ-H2O']	[200.10297, 9e-05, 'b-AAG']	[200.10297, 9e-05, 'b-AQ']
200.13932	256.9	[200.13935, -2e-05, 'a-AGV']	[200.13935, -2e-05, 'a-GGI']	[200.13935, -2e-05, 'a-GGL']	[200.13935, -2e-05, 'a-IN']	[200.13935, -2e-05, 'a-LN']	[200.13935, -2e-05, 'a-QV']	[200.13935, -2e-05, 'b-AK']	[200.1393553163, -3e-05, 'y-AK-H2O']
201.0871	210.3	[201.08698089899, 0.00011, 'a-ASS-NH3']	[201.08698089899, 0.00011, 'a-GST-NH3']	[201.08698089899, 0.00011, 'y-AAG-NH3']	[201.08698089899, 0.00011, 'y-AQ-NH3']	[201.0869853163, 0.00011, 'y-AE-H2O']	[201.08698, 0.00012, 'b-AE']
201.12337	1014.0	[201.12336531629998, 0.0, 'y-IS-H2O']	[201.12336531629998, 0.0, 'y-LS-H2O']	[201.12336531629998, 0.0, 'y-TV-H2O']	[201.12337, 0.0, 'a-DI']	[201.12337, 0.0, 'a-DL']	[201.12337, 0.0, 'a-EV']	[201.12337, 0.0, 'b-IS']	[201.12337, 0.0, 'b-LS']	[201.12337, 0.0, 'b-TV']	[201.12337089899, 0.0, 'y-AK-NH3']
202.0823	90.4	[202.0822353163, 6e-05, 'y-GGS-H2O']	[202.0822353163, 6e-05, 'y-NS-H2O']	[202.08223, 7e-05, 'a-DGG']	[202.08223, 7e-05, 'a-DN']	[202.08223, 7e-05, 'b-GGS']	[202.08223, 7e-05, 'b-NS']
202.1265	53.3
203.06617	99.8	[203.06624531629998, -7e-05, 'y-DS-H2O']	[203.06625, -7e-05, 'a-DD']	[203.06625, -7e-05, 'b-DS']	[203.06625089899, -7e-05, 'y-GGS-NH3']	[203.06625089899, -7e-05, 'y-NS-NH3']
203.10265	197.1	[203.1026353163, 1e-05, 'y-TT-H2O']	[203.10263, 2e-05, 'a-ET']	[203.10263, 2e-05, 'b-TT']	[203.10263, 2e-05, 'y-PS']
203.12132	76.4	[203.12126, 6e-05, 'a-MV']
204.13428	296.2	[204.13427, 1e-05, 'y-GK']
205.10045	41.1	[205.10053, -7e-05, 'a-MT']
207.11279	249.9	[207.1128, 0.0, 'a-AY']	[207.1128, 0.0, 'a-FS']	[207.11280089899, 0.0, 'a-GPP-NH3']	[207.11280621529, -1e-05, 'a-APT-H2O-NH3']	[207.11280621529, -1e-05, 'b-AAV-H2O-NH3']	[207.11280621529, -1e-05, 'b-AGI-H2O-NH3']	[207.11280621529, -1e-05, 'b-AGL-H2O-NH3']	[207.11280621529, -1e-05, 'b-IQ-H2O-NH3']	[207.11280621529, -1e-05, 'b-LQ-H2O-NH3']
209.09191	108.1	[209.0920653163, -0.00015, 'b-EP-H2O']	[209.09206621529, -0.00015, 'a-AAE-H2O-NH3']	[209.09206621529, -0.00015, 'a-DGV-H2O-NH3']	[209.09206621529, -0.00015, 'a-PSS-H2O-NH3']	[209.09206621529, -0.00015, 'b-AAT-H2O-NH3']	[209.09206621529, -0.00015, 'b-DK-H2O-NH3']	[209.09206621529, -0.00015, 'b-GSV-H2O-NH3']	[209.09206621529, -0.00015, 'y-AGP-H2O-NH3']	[209.09206621529, -0.00015, 'y-PQ-H2O-NH3']	[209.09207089899, -0.00015, 'b-AGP-NH3']	[209.09207089899, -0.00015, 'b-PQ-NH3']
209.10351	83.2	[209.10330531629998, 0.0002, 'y-AH-H2O']	[209.10330621529, 0.0002, 'a-DR-H2O-NH3']	[209.10330621529, 0.0002, 'b-RS-H2O-NH3']	[209.1033, 0.00021, 'b-AH']
209.13976	81.2	[209.13969, 7e-05, 'a-HV']	[209.13969089898998, 7e-05, 'a-PR-NH3']
211.10763	110.2	[211.1077153163, -8e-05, 'b-DI-H2O']	[211.1077153163, -8e-05, 'b-DL-H2O']	[211.1077153163, -8e-05, 'b-EV-H2O']	[211.10771621529, -8e-05, 'a-ATT-H2O-NH3']	[211.10771621529, -8e-05, 'a-SSV-H2O-NH3']	[211.10771621529, -8e-05, 'y-AGV-H2O-NH3']	[211.10771621529, -8e-05, 'y-GGI-H2O-NH3']	[211.10771621529, -8e-05, 'y-GGL-H2O-NH3']	[211.10771621529, -8e-05, 'y-IN-H2O-NH3']	[211.10771621529, -8e-05, 'y-LN-H2O-NH3']	[211.10771621529, -8e-05, 'y-QV-H2O-NH3']	[211.10772089898998, -8e-05, 'a-APS-NH3']	[211.10772089898998, -8e-05, 'a-GPT-NH3']	[211.10772089898998, -8e-05, 'b-AGV-NH3']	[211.10772089898998, -8e-05, 'b-GGI-NH3']	[211.10772089898998, -8e-05, 'b-GGL-NH3']	[211.10772089898998, -8e-05, 'b-IN-NH3']	[211.10772089898998, -8e-05, 'b-LN-NH3']	[211.10772089898998, -8e-05, 'b-QV-NH3']
211.14402	78.2	[211.1441, -7e-05, 'b-IP']	[211.1441, -7e-05, 'b-LP']	[211.14410089899, -7e-05, 'a-AAI-NH3']	[211.14410089899, -7e-05, 'a-AAL-NH3']	[211.14410089899, -7e-05, 'a-GVV-NH3']	[211.14410089899, -7e-05, 'b-KV-NH3']	[211.1441053163, -8e-05, 'y-IP-H2O']	[211.1441053163, -8e-05, 'y-LP-H2O']	[211.14410621528998, -8e-05, 'y-KV-H2O-NH3']
212.10294	201.1	[212.1029653163, -2e-05, 'a-AAD-H2O']	[212.1029653163, -2e-05, 'a-AEG-H2O']	[212.1029653163, -2e-05, 'a-EQ-H2O']	[212.1029653163, -2e-05, 'b-AAS-H2O']	[212.1029653163, -2e-05, 'b-AGT-H2O']	[212.1029653163, -2e-05, 'b-QT-H2O']	[212.1029653163, -2e-05, 'y-GGP-H2O']	[212.1029653163, -2e-05, 'y-NP-H2O']	[212.10297, -2e-05, 'b-GGP']	[212.10297, -2e-05, 'b-NP']	[212.10297089899, -2e-05, 'a-AAN-NH3']	[212.10297089899, -2e-05, 'a-AGQ-NH3']	[212.10297089899, -2e-05, 'a-QQ-NH3']
213.08687	268.8	[213.08698, -0.0001, 'b-DP']	[213.08698089899, -0.0001, 'a-AAD-NH3']	[213.08698089899, -0.0001, 'a-AEG-NH3']	[213.08698089899, -0.0001, 'a-EQ-NH3']	[213.08698089899, -0.0001, 'b-AAS-NH3']	[213.08698089899, -0.0001, 'b-AGT-NH3']	[213.08698089899, -0.0001, 'b-QT-NH3']	[213.08698089899, -0.0001, 'y-GGP-NH3']	[213.08698089899, -0.0001, 'y-NP-NH3']	[213.0869853163, -0.00011, 'a-EE-H2O']	[213.0869853163, -0.00011, 'b-ET-H2O']	[213.0869853163, -0.00011, 'y-DP-H2O']	[213.08698621528998, -0.00011, 'a-SST-H2O-NH3']	[213.08698621528998, -0.00011, 'y-AAS-H2O-NH3']	[213.08698621528998, -0.00011, 'y-AGT-H2O-NH3']	[213.08698621528998, -0.00011, 'y-QT-H2O-NH3']
213.15971	148.2	[213.15975, -3e-05, 'b-IV']	[213.15975, -3e-05, 'b-LV']	[213.1597553163, -4e-05, 'y-IV-H2O']	[213.1597553163, -4e-05, 'y-LV-H2O']
214.11857	62.6	[214.11861531629998, -4e-05, 'a-AST-H2O']	[214.11861531629998, -4e-05, 'a-GTT-H2O']	[214.11861531629998, -4e-05, 'y-AAA-H2O']	[214.11861531629998, -4e-05, 'y-GGV-H2O']	[214.11861531629998, -4e-05, 'y-NV-H2O']	[214.11862, -4e-05, 'a-GPS']	[214.11862, -4e-05, 'b-AAA']	[214.11862, -4e-05, 'b-GGV']	[214.11862, -4e-05, 'b-NV']
214.15502	70.5	[214.155, 2e-05, 'a-AAV']	[214.155, 2e-05, 'a-AGI']	[214.155, 2e-05, 'a-AGL']	[214.155, 2e-05, 'a-IQ']	[214.155, 2e-05, 'a-LQ']
215.10261	68.5	[215.10263, -1e-05, 'b-DV']	[215.10263089899, -1e-05, 'a-AST-NH3']	[215.10263089899, -1e-05, 'a-GTT-NH3']	[215.10263089899, -1e-05, 'y-AAA-NH3']	[215.10263089899, -1e-05, 'y-GGV-NH3']	[215.10263089899, -1e-05, 'y-NV-NH3']	[215.1026353163, -2e-05, 'y-DV-H2O']
215.13906	650.3	[215.13901531629998, 4e-05, 'y-IT-H2O']	[215.13901531629998, 4e-05, 'y-LT-H2O']	[215.13902, 4e-05, 'a-EI']	[215.13902, 4e-05, 'a-EL']	[215.13902, 4e-05, 'b-IT']	[215.13902, 4e-05, 'b-LT']	[215.13902, 4e-05, 'y-PV']
216.09788	206.8	[216.09788, 0.0, 'a-ADG']	[216.09788, 0.0, 'a-DQ']	[216.09788, 0.0, 'a-EGG']	[216.09788, 0.0, 'a-EN']	[216.09788, 0.0, 'b-AGS']	[216.09788, 0.0, 'b-GGT']	[216.09788, 0.0, 'b-NT']	[216.09788, 0.0, 'b-QS']	[216.0978853163, 0.0, 'a-SSS-H2O']	[216.0978853163, 0.0, 'y-AGS-H2O']	[216.0978853163, 0.0, 'y-GGT-H2O']	[216.0978853163, 0.0, 'y-NT-H2O']	[216.0978853163, 0.0, 'y-QS-H2O']
216.13439	87.2	[216.1342653163, 0.00012, 'y-KS-H2O']	[216.13427, 0.00012, 'a-AAT']	[216.13427, 0.00012, 'a-DK']	[216.13427, 0.00012, 'a-GSV']	[216.13427, 0.00012, 'b-KS']
217.08179	279.3	[217.08189531629998, -0.0001, 'y-DT-H2O']	[217.08189531629998, -0.0001, 'y-ES-H2O']	[217.0819, -0.0001, 'a-DE']	[217.0819, -0.0001, 'b-DT']	[217.0819, -0.0001, 'b-ES']	[217.08190089899, -0.0001, 'a-SSS-NH3']	[217.08190089899, -0.0001, 'y-AGS-NH3']	[217.08190089899, -0.0001, 'y-GGT-NH3']	[217.08190089899, -0.0001, 'y-NT-NH3']	[217.08190089899, -0.0001, 'y-QS-NH3']	[217.0827653163, -0.00097, 'a-MM-H2O']
217.1369	131.7	[217.13691, 0.0, 'a-IM']	[217.13691, 0.0, 'a-LM']
218.14997	283.0	[218.14992, 5e-05, 'y-AK']
219.07984	48.0	[219.0797853163, 5e-05, 'y-AM[Oxidation]-H2O']	[219.0797853163, 5e-05, 'y-MS-H2O']	[219.07979, 5e-05, 'a-DM']	[219.07979, 5e-05, 'b-AM[Oxidation]']	[219.07979, 5e-05, 'b-MS']	[219.07979, 5e-05, 'y-CP']
219.11287	65.1	[219.11280531629998, 6e-05, 'a-TY-H2O']	[219.11280531629998, 6e-05, 'y-AF-H2O']	[219.11280621529, 6e-05, 'a-PPS-H2O-NH3']	[219.11280621529, 6e-05, 'b-GPV-H2O-NH3']	[219.1128, 7e-05, 'b-AF']
219.14931	88.2	[219.14918621529, 0.00012, 'a-AIP-H2O-NH3']	[219.14918621529, 0.00012, 'a-ALP-H2O-NH3']	[219.14919, 0.00012, 'a-FV']
221.12842	48.0	[221.12845, -2e-05, 'a-FT']	[221.12845089899, -2e-05, 'a-APP-NH3']	[221.12845621529, -3e-05, 'a-PSV-H2O-NH3']	[221.12845621529, -3e-05, 'b-AAI-H2O-NH3']	[221.12845621529, -3e-05, 'b-AAL-H2O-NH3']	[221.12845621529, -3e-05, 'b-GVV-H2O-NH3']
223.10772	169.6	[223.10771621529, 0.0, 'a-ADV-H2O-NH3']	[223.10771621529, 0.0, 'a-DGI-H2O-NH3']	[223.10771621529, 0.0, 'a-DGL-H2O-NH3']	[223.10771621529, 0.0, 'a-EGV-H2O-NH3']	[223.10771621529, 0.0, 'a-PST-H2O-NH3']	[223.10771621529, 0.0, 'b-ASV-H2O-NH3']	[223.10771621529, 0.0, 'b-EK-H2O-NH3']	[223.10771621529, 0.0, 'b-GIS-H2O-NH3']	[223.10771621529, 0.0, 'b-GLS-H2O-NH3']	[223.10771621529, 0.0, 'b-GTV-H2O-NH3']	[223.10771621529, 0.0, 'y-AAP-H2O-NH3']	[223.10772, 0.0, 'a-SY']	[223.10772, 0.0, 'y-FG']	[223.10772089898998, 0.0, 'b-AAP-NH3']
223.15544	154.6	[223.15534, 0.0001, 'a-HI']	[223.15534, 0.0001, 'a-HL']
225.09835	76.6	[225.09822, 0.00013, 'a-DH']	[225.09822, 0.00013, 'b-HS']	[225.09821531629999, 0.00014, 'b-AGN-H2O']	[225.09821531629999, 0.00014, 'b-GGQ-H2O']	[225.09821531629999, 0.00014, 'b-NQ-H2O']	[225.09821531629999, 0.00014, 'y-HS-H2O']
225.12319	133.1	[225.12336531629998, -0.00016, 'b-EI-H2O']	[225.12336531629998, -0.00016, 'b-EL-H2O']	[225.12336621529, -0.00017, 'a-ISS-H2O-NH3']	[225.12336621529, -0.00017, 'a-LSS-H2O-NH3']	[225.12336621529, -0.00017, 'a-STV-H2O-NH3']	[225.12336621529, -0.00017, 'y-AAV-H2O-NH3']	[225.12336621529, -0.00017, 'y-AGI-H2O-NH3']	[225.12336621529, -0.00017, 'y-AGL-H2O-NH3']	[225.12336621529, -0.00017, 'y-IQ-H2O-NH3']	[225.12336621529, -0.00017, 'y-LQ-H2O-NH3']	[225.12337089899, -0.00017, 'a-APT-NH3']	[225.12337089899, -0.00017, 'b-AAV-NH3']	[225.12337089899, -0.00017, 'b-AGI-NH3']	[225.12337089899, -0.00017, 'b-AGL-NH3']	[225.12337089899, -0.00017, 'b-IQ-NH3']	[225.12337089899, -0.00017, 'b-LQ-NH3']
226.08208	74.0	[226.08223089899, -0.00014, 'b-AGN-NH3']	[226.08223089899, -0.00014, 'b-GGQ-NH3']	[226.08223089899, -0.00014, 'b-NQ-NH3']	[226.08223089899, -0.00014, 'y-HS-NH3']	[226.0822353163, -0.00014, 'b-ADG-H2O']	[226.0822353163, -0.00014, 'b-DQ-H2O']	[226.0822353163, -0.00014, 'b-EGG-H2O']	[226.0822353163, -0.00014, 'b-EN-H2O']	[226.08223621528998, -0.00015, 'a-NSS-H2O-NH3']	[226.08223621528998, -0.00015, 'y-AGN-H2O-NH3']	[226.08223621528998, -0.00015, 'y-GGQ-H2O-NH3']	[226.08223621528998, -0.00015, 'y-NQ-H2O-NH3']
226.11865	318.6	[226.11861621529, 3e-05, 'y-GGK-H2O-NH3']	[226.11861621529, 3e-05, 'y-KN-H2O-NH3']	[226.11862, 3e-05, 'b-AGP']	[226.11862, 3e-05, 'b-PQ']	[226.11862089899, 3e-05, 'a-AAQ-NH3']	[226.11862089899, 3e-05, 'a-GNV-NH3']	[226.11862089899, 3e-05, 'b-GGK-NH3']	[226.11862089899, 3e-05, 'b-KN-NH3']	[226.11861531629998, 4e-05, 'a-AAE-H2O']	[226.11861531629998, 4e-05, 'a-DGV-H2O']	[226.11861531629998, 4e-05, 'a-PSS-H2O']	[226.11861531629998, 4e-05, 'b-AAT-H2O']	[226.11861531629998, 4e-05, 'b-DK-H2O']	[226.11861531629998, 4e-05, 'b-GSV-H2O']	[226.11861531629998, 4e-05, 'y-AGP-H2O']	[226.11861531629998, 4e-05, 'y-PQ-H2O']
226.15495	128.6	[226.155, -4e-05, 'a-GPV']	[226.155, -4e-05, 'b-KP']	[226.15500089898998, -4e-05, 'a-AAK-NH3']	[226.1550053163, -4e-05, 'a-AIS-H2O']	[226.1550053163, -4e-05, 'a-ALS-H2O']	[226.1550053163, -4e-05, 'a-ATV-H2O']	[226.1550053163, -4e-05, 'a-GIT-H2O']	[226.1550053163, -4e-05, 'a-GLT-H2O']	[226.1550053163, -4e-05, 'y-KP-H2O']
227.06614	70.5	[227.06624531629998, -9e-05, 'b-DE-H2O']	[227.06624621529, -9e-05, 'a-DSS-H2O-NH3']	[227.06624621529, -9e-05, 'b-SSS-H2O-NH3']	[227.06624621529, -9e-05, 'y-ADG-H2O-NH3']	[227.06624621529, -9e-05, 'y-DQ-H2O-NH3']	[227.06624621529, -9e-05, 'y-EGG-H2O-NH3']	[227.06624621529, -9e-05, 'y-EN-H2O-NH3']	[227.06625089899, -0.0001, 'b-ADG-NH3']	[227.06625089899, -0.0001, 'b-DQ-NH3']	[227.06625089899, -0.0001, 'b-EGG-NH3']	[227.06625089899, -0.0001, 'b-EN-NH3']
227.10252	110.5	[227.10263, -0.0001, 'b-EP']	[227.10263089899, -0.0001, 'a-AAE-NH3']	[227.10263089899, -0.0001, 'a-DGV-NH3']	[227.10263089899, -0.0001, 'a-PSS-NH3']	[227.10263089899, -0.0001, 'b-AAT-NH3']	[227.10263089899, -0.0001, 'b-DK-NH3']	[227.10263089899, -0.0001, 'b-GSV-NH3']	[227.10263089899, -0.0001, 'y-AGP-NH3']	[227.10263089899, -0.0001, 'y-PQ-NH3']	[227.1026353163, -0.0001, 'y-EP-H2O']	[227.10263621528998, -0.0001, 'a-STT-H2O-NH3']	[227.10263621528998, -0.0001, 'y-AAT-H2O-NH3']	[227.10263621528998, -0.0001, 'y-DK-H2O-NH3']	[227.10263621528998, -0.0001, 'y-GSV-H2O-NH3']
227.17548	99.1	[227.1754, 8e-05, 'b-II']	[227.1754, 8e-05, 'b-IL']	[227.1754, 8e-05, 'b-LL']	[227.1754053163, 8e-05, 'y-II-H2O']	[227.1754053163, 8e-05, 'y-IL-H2O']	[227.1754053163, 8e-05, 'y-LL-H2O']
228.13429	197.8	[228.13427, 2e-05, 'a-APS']	[228.13427, 2e-05, 'a-GPT']	[228.13427, 2e-05, 'b-AGV']	[228.13427, 2e-05, 'b-GGI']	[228.13427, 2e-05, 'b-GGL']	[228.13427, 2e-05, 'b-IN']	[228.13427, 2e-05, 'b-LN']	[228.13427, 2e-05, 'b-QV']	[228.13427089899, 2e-05, 'a-GKS-NH3']	[228.1342653163, 3e-05, 'a-ATT-H2O']	[228.1342653163, 3e-05, 'a-SSV-H2O']	[228.1342653163, 3e-05, 'y-AGV-H2O']	[228.1342653163, 3e-05, 'y-GGI-H2O']	[228.1342653163, 3e-05, 'y-GGL-H2O']	[228.1342653163, 3e-05, 'y-IN-H2O']	[228.1342653163, 3e-05, 'y-LN-H2O']	[228.1342653163, 3e-05, 'y-QV-H2O']
229.11826	193.3	[229.11828, -1e-05, 'b-DI']	[229.11828, -1e-05, 'b-DL']	[229.11828, -1e-05, 'b-EV']	[229.11828089899, -1e-05, 'a-ATT-NH3']	[229.11828089899, -1e-05, 'a-SSV-NH3']	[229.11828089899, -1e-05, 'y-AGV-NH3']	[229.11828089899, -1e-05, 'y-GGI-NH3']	[229.11828089899, -1e-05, 'y-GGL-NH3']	[229.11828089899, -1e-05, 'y-IN-NH3']	[229.11828089899, -1e-05, 'y-LN-NH3']	[229.11828089899, -1e-05, 'y-QV-NH3']	[229.1182853163, -1e-05, 'y-DI-H2O']	[229.1182853163, -1e-05, 'y-DL-H2O']	[229.1182853163, -1e-05, 'y-EV-H2O']
230.07722	48.0	[230.07715, 7e-05, 'b-DGG']	[230.07715, 7e-05, 'b-DN']	[230.07715089899, 7e-05, 'y-GGN-NH3']	[230.07715089899, 7e-05, 'y-NN-NH3']	[230.07714531629998, 8e-05, 'y-DGG-H2O']	[230.07714531629998, 8e-05, 'y-DN-H2O']
230.11356	134.9	[230.11353, 3e-05, 'a-AAD']	[230.11353, 3e-05, 'a-AEG']	[230.11353, 3e-05, 'a-EQ']	[230.11353, 3e-05, 'b-AAS']	[230.11353, 3e-05, 'b-AGT']	[230.11353, 3e-05, 'b-QT']	[230.11353, 3e-05, 'y-GGP']	[230.11353, 3e-05, 'y-NP']	[230.1135353163, 3e-05, 'a-SST-H2O']	[230.1135353163, 3e-05, 'y-AAS-H2O']	[230.1135353163, 3e-05, 'y-AGT-H2O']	[230.1135353163, 3e-05, 'y-QT-H2O']
230.15001	59.9	[230.14992, 9e-05, 'a-ASV']	[230.14992, 9e-05, 'a-EK']	[230.14992, 9e-05, 'a-GIS']	[230.14992, 9e-05, 'a-GLS']	[230.14992, 9e-05, 'a-GTV']	[230.14992, 9e-05, 'b-KT']	[230.1499153163, 0.0001, 'y-KT-H2O']
231.09744	131.6	[231.0975453163, -9e-05, 'y-ET-H2O']	[231.09755, -0.0001, 'a-EE']	[231.09755, -0.0001, 'b-ET']	[231.09755, -0.0001, 'y-DP']	[231.09755089899, -0.0001, 'a-SST-NH3']	[231.09755089899, -0.0001, 'y-AAS-NH3']	[231.09755089899, -0.0001, 'y-AGT-NH3']	[231.09755089899, -0.0001, 'y-QT-NH3']
232.14044	168.3	[232.14042, 2e-05, 'y-GR']
233.09525	67.3	[233.09543531629998, -0.00017, 'y-MT-H2O']	[233.09544, -0.00018, 'a-EM']	[233.09544, -0.00018, 'b-MT']	[233.09544089899, -0.00018, 'y-CK-NH3']
233.16495	164.6	[233.16484, 0.00011, 'a-FI']	[233.16484, 0.00011, 'a-FL']	[233.16483621529, 0.00012, 'a-PVV-H2O-NH3']
234.14491	333.5	[234.14483, 8e-05, 'y-KS']
235.10771	113.9	[235.1077153163, 0.0, 'y-AY-H2O']	[235.1077153163, 0.0, 'y-FS-H2O']	[235.10771621529, 0.0, 'a-AEP-H2O-NH3']	[235.10771621529, 0.0, 'b-APT-H2O-NH3']	[235.10771621529, 0.0, 'y-GPP-H2O-NH3']	[235.10772, 0.0, 'a-DF']	[235.10772, 0.0, 'b-AY']	[235.10772, 0.0, 'b-FS']	[235.10772089898998, 0.0, 'b-GPP-NH3']
235.11901	47.7	[235.11895, 6e-05, 'b-HP']	[235.11895089899, 6e-05, 'a-AAH-NH3']	[235.1189553163, 6e-05, 'y-HP-H2O']
235.14424	97.8	[235.1441, 0.00014, 'a-VY']	[235.14410621528998, 0.00014, 'a-IPS-H2O-NH3']	[235.14410621528998, 0.00014, 'a-LPS-H2O-NH3']	[235.14410621528998, 0.00014, 'a-PTV-H2O-NH3']	[235.14410621528998, 0.00014, 'b-AVV-H2O-NH3']	[235.14410621528998, 0.00014, 'b-GIV-H2O-NH3']	[235.14410621528998, 0.00014, 'b-GLV-H2O-NH3']
237.12334	200.1	[237.12336621529, -1e-05, 'a-ADI-H2O-NH3']	[237.12336621529, -1e-05, 'a-ADL-H2O-NH3']	[237.12336621529, -1e-05, 'a-AEV-H2O-NH3']	[237.12336621529, -1e-05, 'a-EGI-H2O-NH3']	[237.12336621529, -1e-05, 'a-EGL-H2O-NH3']	[237.12336621529, -1e-05, 'a-PTT-H2O-NH3']	[237.12336621529, -1e-05, 'b-AIS-H2O-NH3']	[237.12336621529, -1e-05, 'b-ALS-H2O-NH3']	[237.12336621529, -1e-05, 'b-ATV-H2O-NH3']	[237.12336621529, -1e-05, 'b-GIT-H2O-NH3']	[237.12336621529, -1e-05, 'b-GLT-H2O-NH3']	[237.12336621529, -1e-05, 'y-GPV-H2O-NH3']	[237.12337, -2e-05, 'a-TY']	[237.12337, -2e-05, 'y-AF']	[237.12337089899, -2e-05, 'a-PPS-NH3']	[237.12337089899, -2e-05, 'b-GPV-NH3']
237.13467	74.7	[237.1346, 7e-05, 'b-HV']	[237.13460089899, 7e-05, 'b-PR-NH3']	[237.1346053163, 7e-05, 'a-ANP-H2O']	[237.1346053163, 7e-05, 'a-GPQ-H2O']	[237.1346053163, 7e-05, 'y-HV-H2O']	[237.13460621528998, 7e-05, 'a-GKN-H2O-NH3']	[237.13460621528998, 7e-05, 'y-PR-H2O-NH3']
239.11382	110.6	[239.1138653163, -3e-05, 'b-AAN-H2O']	[239.1138653163, -3e-05, 'b-AGQ-H2O']	[239.1138653163, -3e-05, 'b-QQ-H2O']	[239.1138653163, -3e-05, 'y-HT-H2O']	[239.11387, -4e-05, 'a-EH']	[239.11387, -4e-05, 'b-HT']
240.09766	157.4	[240.09788089899, -0.00021, 'b-AAN-NH3']	[240.09788089899, -0.00021, 'b-AGQ-NH3']	[240.09788089899, -0.00021, 'b-QQ-NH3']	[240.09788089899, -0.00021, 'y-HT-NH3']	[240.0978853163, -0.00021, 'b-AAD-H2O']	[240.0978853163, -0.00021, 'b-AEG-H2O']	[240.0978853163, -0.00021, 'b-EQ-H2O']	[240.09788621528998, -0.00021, 'a-NST-H2O-NH3']	[240.09788621528998, -0.00021, 'a-QSS-H2O-NH3']	[240.09788621528998, -0.00021, 'y-AAN-H2O-NH3']	[240.09788621528998, -0.00021, 'y-AGQ-H2O-NH3']	[240.09788621528998, -0.00021, 'y-QQ-H2O-NH3']
240.13421	298.7	[240.1342653163, -4e-05, 'a-ADV-H2O']	[240.1342653163, -4e-05, 'a-DGI-H2O']	[240.1342653163, -4e-05, 'a-DGL-H2O']	[240.1342653163, -4e-05, 'a-EGV-H2O']	[240.1342653163, -4e-05, 'a-PST-H2O']	[240.1342653163, -4e-05, 'b-ASV-H2O']	[240.1342653163, -4e-05, 'b-EK-H2O']	[240.1342653163, -4e-05, 'b-GIS-H2O']	[240.1342653163, -4e-05, 'b-GLS-H2O']	[240.1342653163, -4e-05, 'b-GTV-H2O']	[240.1342653163, -4e-05, 'y-AAP-H2O']	[240.13426621528998, -4e-05, 'a-KSS-H2O-NH3']	[240.13426621528998, -4e-05, 'y-AGK-H2O-NH3']	[240.13426621528998, -4e-05, 'y-KQ-H2O-NH3']	[240.13427, -5e-05, 'b-AAP']	[240.13427089899, -5e-05, 'a-ANV-NH3']	[240.13427089899, -5e-05, 'a-GIN-NH3']	[240.13427089899, -5e-05, 'a-GLN-NH3']	[240.13427089899, -5e-05, 'a-GQV-NH3']	[240.13427089899, -5e-05, 'b-AGK-NH3']	[240.13427089899, -5e-05, 'b-KQ-NH3']
241.08164	106.7	[241.0818953163, -0.00024, 'b-EE-H2O']	[241.08189621529, -0.00024, 'a-DST-H2O-NH3']	[241.08189621529, -0.00024, 'a-ESS-H2O-NH3']	[241.08189621529, -0.00024, 'b-SST-H2O-NH3']	[241.08189621529, -0.00024, 'y-AAD-H2O-NH3']	[241.08189621529, -0.00024, 'y-AEG-H2O-NH3']	[241.08189621529, -0.00024, 'y-EQ-H2O-NH3']	[241.08190089899, -0.00025, 'b-AAD-NH3']	[241.08190089899, -0.00025, 'b-AEG-NH3']	[241.08190089899, -0.00025, 'b-EQ-NH3']
242.14986	170.5	[242.1499153163, -4e-05, 'a-ISS-H2O']	[242.1499153163, -4e-05, 'a-LSS-H2O']	[242.1499153163, -4e-05, 'a-STV-H2O']	[242.1499153163, -4e-05, 'y-AAV-H2O']	[242.1499153163, -4e-05, 'y-AGI-H2O']	[242.1499153163, -4e-05, 'y-AGL-H2O']	[242.1499153163, -4e-05, 'y-IQ-H2O']	[242.1499153163, -4e-05, 'y-LQ-H2O']	[242.14992, -5e-05, 'a-APT']	[242.14992, -5e-05, 'b-AAV']	[242.14992, -5e-05, 'b-AGI']	[242.14992, -5e-05, 'b-AGL']	[242.14992, -5e-05, 'b-IQ']	[242.14992, -5e-05, 'b-LQ']	[242.14992089899, -5e-05, 'a-AKS-NH3']	[242.14992089899, -5e-05, 'a-GKT-NH3']
242.18619	65.6	[242.1863, -0.0001, 'a-AVV']	[242.1863, -0.0001, 'a-GIV']	[242.1863, -0.0001, 'a-GLV']	[242.1863, -0.0001, 'b-IK']	[242.1863, -0.0001, 'b-KL']	[242.18630531629998, -0.0001, 'y-IK-H2O']	[242.18630531629998, -0.0001, 'y-KL-H2O']
243.1087	46.7	[243.10878, -7e-05, 'b-AGN']	[243.10878, -7e-05, 'b-GGQ']	[243.10878, -7e-05, 'b-NQ']	[243.10878, -7e-05, 'y-HS']	[243.1087853163, -7e-05, 'a-NSS-H2O']	[243.1087853163, -7e-05, 'y-AGN-H2O']	[243.1087853163, -7e-05, 'y-GGQ-H2O']	[243.1087853163, -7e-05, 'y-NQ-H2O']
243.13385	158.7	[243.13393, -7e-05, 'b-EI']	[243.13393, -7e-05, 'b-EL']	[243.13393089899, -7e-05, 'a-ISS-NH3']	[243.13393089899, -7e-05, 'a-LSS-NH3']	[243.13393089899, -7e-05, 'a-STV-NH3']	[243.13393089899, -7e-05, 'y-AAV-NH3']	[243.13393089899, -7e-05, 'y-AGI-NH3']	[243.13393089899, -7e-05, 'y-AGL-NH3']	[243.13393089899, -7e-05, 'y-IQ-NH3']	[243.13393089899, -7e-05, 'y-LQ-NH3']	[243.13393531629998, -7e-05, 'y-EI-H2O']	[243.13393531629998, -7e-05, 'y-EL-H2O']
244.09276	126.0	[244.0927953163, -2e-05, 'a-DSS-H2O']	[244.0927953163, -2e-05, 'b-SSS-H2O']	[244.0927953163, -2e-05, 'y-ADG-H2O']	[244.0927953163, -2e-05, 'y-DQ-H2O']	[244.0927953163, -2e-05, 'y-EGG-H2O']	[244.0927953163, -2e-05, 'y-EN-H2O']	[244.0928, -3e-05, 'b-ADG']	[244.0928, -3e-05, 'b-DQ']	[244.0928, -3e-05, 'b-EGG']	[244.0928, -3e-05, 'b-EN']	[244.09280089899, -3e-05, 'a-NSS-NH3']	[244.09280089899, -3e-05, 'y-AGN-NH3']	[244.09280089899, -3e-05, 'y-GGQ-NH3']	[244.09280089899, -3e-05, 'y-NQ-NH3']
244.12936	88.8	[244.12918, 0.00018, 'a-AAE']	[244.12918, 0.00018, 'a-DGV']	[244.12918, 0.00018, 'a-PSS']	[244.12918, 0.00018, 'b-AAT']	[244.12918, 0.00018, 'b-DK']	[244.12918, 0.00018, 'b-GSV']	[244.12918, 0.00018, 'y-AGP']	[244.12918, 0.00018, 'y-PQ']	[244.12918089899, 0.00018, 'y-GGK-NH3']	[244.12918089899, 0.00018, 'y-KN-NH3']	[244.12918531629998, 0.00018, 'a-STT-H2O']	[244.12918531629998, 0.00018, 'y-AAT-H2O']	[244.12918531629998, 0.00018, 'y-DK-H2O']	[244.12918531629998, 0.00018, 'y-GSV-H2O']
244.16557	456.3	[244.16557, 0.0, 'a-AIS']	[244.16557, 0.0, 'a-ALS']	[244.16557, 0.0, 'a-ATV']	[244.16557, 0.0, 'a-GIT']	[244.16557, 0.0, 'a-GLT']	[244.16557, 0.0, 'y-KP']
245.07665	106.3	[245.07681, -0.00015, 'b-DE']	[245.07681089899, -0.00015, 'a-DSS-NH3']	[245.07681089899, -0.00015, 'b-SSS-NH3']	[245.07681089899, -0.00015, 'y-ADG-NH3']	[245.07681089899, -0.00015, 'y-DQ-NH3']	[245.07681089899, -0.00015, 'y-EGG-NH3']	[245.07681089899, -0.00015, 'y-EN-NH3']	[245.07681531629999, -0.00015, 'y-DE-H2O']	[245.07681621528997, -0.00015, 'y-SSS-H2O-NH3']	[245.0776853163, -0.00102, 'b-MM-H2O']
245.16869	43.6
246.1559	91.2	[246.15607, -0.00016, 'y-AR']
246.18129	138.3	[246.18122, 7e-05, 'y-KV']
248.16048	157.9	[248.16048, 1e-05, 'y-KT']
249.09808	88.6	[249.0982153163, -0.00012, 'b-EH-H2O']	[249.09821621529, -0.00012, 'a-HSS-H2O-NH3']	[249.09821621529, -0.00012, 'y-AGH-H2O-NH3']	[249.09821621529, -0.00012, 'y-HQ-H2O-NH3']	[249.09822089899, -0.00013, 'b-AGH-NH3']	[249.09822089899, -0.00013, 'b-HQ-NH3']
249.12345	72.2	[249.12337089899, 8e-05, 'b-APP-NH3']	[249.1233653163, 9e-05, 'y-FT-H2O']	[249.12336621529, 9e-05, 'a-DPV-H2O-NH3']	[249.12336621529, 9e-05, 'b-PSV-H2O-NH3']	[249.12336621529, 9e-05, 'y-APP-H2O-NH3']	[249.12337, 9e-05, 'a-EF']	[249.12337, 9e-05, 'b-FT']
249.15975	173.0	[249.15975089899, 0.0, 'a-PPV-NH3']	[249.15975621528997, 0.0, 'a-IPT-H2O-NH3']	[249.15975621528997, 0.0, 'a-LPT-H2O-NH3']	[249.15975621528997, 0.0, 'b-AIV-H2O-NH3']	[249.15975621528997, 0.0, 'b-ALV-H2O-NH3']	[249.15975621528997, 0.0, 'b-GII-H2O-NH3']	[249.15975621528997, 0.0, 'b-GIL-H2O-NH3']	[249.15975621528997, 0.0, 'b-GLL-H2O-NH3']	[249.15975, 1e-05, 'a-IY']	[249.15975, 1e-05, 'a-LY']
251.10267	176.4	[251.1026353163, 4e-05, 'y-SY-H2O']	[251.10263621528998, 4e-05, 'a-DPT-H2O-NH3']	[251.10263621528998, 4e-05, 'a-EPS-H2O-NH3']	[251.10263621528998, 4e-05, 'b-ADV-H2O-NH3']	[251.10263621528998, 4e-05, 'b-DGI-H2O-NH3']	[251.10263621528998, 4e-05, 'b-DGL-H2O-NH3']	[251.10263621528998, 4e-05, 'b-EGV-H2O-NH3']	[251.10263621528998, 4e-05, 'b-PST-H2O-NH3']	[251.10263, 5e-05, 'a-DY']	[251.10263, 5e-05, 'b-SY']
251.15016	156.6	[251.15025, -7e-05, 'b-HI']	[251.15025, -7e-05, 'b-HL']	[251.1502553163, -8e-05, 'a-APQ-H2O']	[251.1502553163, -8e-05, 'y-HI-H2O']	[251.1502553163, -8e-05, 'y-HL-H2O']	[251.15025621528997, -8e-05, 'a-AKN-H2O-NH3']	[251.15025621528997, -8e-05, 'a-GKQ-H2O-NH3']
255.14505	72.3	[255.1451653163, -0.0001, 'a-AQT-H2O']	[255.1451653163, -0.0001, 'a-DGK-H2O']	[255.1451653163, -0.0001, 'a-NSV-H2O']	[255.1451653163, -0.0001, 'b-GKS-H2O']	[255.14517, -0.0001, 'a-ANP']	[255.14517, -0.0001, 'a-GPQ']	[255.14517, -0.0001, 'y-HV']	[255.14517089899, -0.00011, 'a-GKN-NH3']	[255.14517089899, -0.00011, 'y-PR-NH3']
257.16084	114.5	[257.16082089899, 2e-05, 'y-RV-NH3']	[257.1608153163, 3e-05, 'a-KSS-H2O']	[257.1608153163, 3e-05, 'y-AGK-H2O']	[257.1608153163, 3e-05, 'y-KQ-H2O']	[257.16082, 3e-05, 'a-ANV']	[257.16082, 3e-05, 'a-GIN']	[257.16082, 3e-05, 'a-GLN']	[257.16082, 3e-05, 'a-GQV']	[257.16082, 3e-05, 'b-AGK']	[257.16082, 3e-05, 'b-KQ']
258.10859	72.3	[258.10845089899, 0.00014, 'a-NST-NH3']	[258.10845089899, 0.00014, 'a-QSS-NH3']	[258.10845089899, 0.00014, 'y-AAN-NH3']	[258.10845089899, 0.00014, 'y-AGQ-NH3']	[258.10845089899, 0.00014, 'y-QQ-NH3']	[258.1084453163, 0.00015, 'a-DST-H2O']	[258.1084453163, 0.00015, 'a-ESS-H2O']	[258.1084453163, 0.00015, 'b-SST-H2O']	[258.1084453163, 0.00015, 'y-AAD-H2O']	[258.1084453163, 0.00015, 'y-AEG-H2O']	[258.1084453163, 0.00015, 'y-EQ-H2O']	[258.10845, 0.00015, 'b-AAD']	[258.10845, 0.00015, 'b-AEG']	[258.10845, 0.00015, 'b-EQ']
258.14466	417.7	[258.14483, -0.00015, 'a-ADV']	[258.14483, -0.00015, 'a-DGI']	[258.14483, -0.00015, 'a-DGL']	[258.14483, -0.00015, 'a-EGV']	[258.14483, -0.00015, 'a-PST']	[258.14483, -0.00015, 'b-ASV']	[258.14483, -0.00015, 'b-EK']	[258.14483, -0.00015, 'b-GIS']	[258.14483, -0.00015, 'b-GLS']	[258.14483, -0.00015, 'b-GTV']	[258.14483, -0.00015, 'y-AAP']	[258.14483089899, -0.00016, 'a-KSS-NH3']	[258.14483089899, -0.00016, 'y-AGK-NH3']	[258.14483089899, -0.00016, 'y-KQ-NH3']	[258.1448353163, -0.00016, 'a-TTT-H2O']	[258.1448353163, -0.00016, 'y-ASV-H2O']	[258.1448353163, -0.00016, 'y-EK-H2O']	[258.1448353163, -0.00016, 'y-GIS-H2O']	[258.1448353163, -0.00016, 'y-GLS-H2O']	[258.1448353163, -0.00016, 'y-GTV-H2O']
259.09234	48.1	[259.09246, -0.0001, 'b-EE']	[259.09246089899, -0.00011, 'a-DST-NH3']	[259.09246089899, -0.00011, 'a-ESS-NH3']	[259.09246089899, -0.00011, 'b-SST-NH3']	[259.09246089899, -0.00011, 'y-AAD-NH3']	[259.09246089899, -0.00011, 'y-AEG-NH3']	[259.09246089899, -0.00011, 'y-EQ-NH3']	[259.0924653163, -0.00011, 'y-EE-H2O']	[259.09246621528996, -0.00011, 'y-SST-H2O-NH3']
260.10634	47.9	[260.1063353163, 1e-05, 'a-AM[Oxidation]S-H2O']	[260.1063353163, 1e-05, 'a-CTT-H2O']	[260.1063353163, 1e-05, 'a-GM[Oxidation]T-H2O']	[260.1063353163, 1e-05, 'a-MSS-H2O']	[260.1063353163, 1e-05, 'y-AGM-H2O']	[260.1063353163, 1e-05, 'y-CGV-H2O']	[260.1063353163, 1e-05, 'y-C[Carbamidomethyl]V-H2O']	[260.1063353163, 1e-05, 'y-MQ-H2O']	[260.10634, 1e-05, 'a-CPS']	[260.10634, 1e-05, 'b-AGM']	[260.10634, 1e-05, 'b-CGV']	[260.10634, 1e-05, 'b-C[Carbamidomethyl]V']	[260.10634, 1e-05, 'b-MQ']	[260.10698621528996, -0.00063, 'b-FF-H2O-NH3']
260.19681	326.4	[260.19687, -4e-05, 'y-IK']	[260.19687, -4e-05, 'y-KL']
261.15581	106.3	[261.15573, 9e-05, 'y-GGK']	[261.15573, 9e-05, 'y-KN']
262.13979	108.9	[262.13975, 5e-05, 'a-STT']	[262.13975, 5e-05, 'y-AAT']	[262.13975, 5e-05, 'y-DK']	[262.13975, 5e-05, 'y-GSV']
262.15107	90.9	[262.15098, 0.0001, 'y-RS']
265.11826	109.9	[265.11828, -1e-05, 'a-EY']	[265.11828, -1e-05, 'b-TY']	[265.11828089899, -1e-05, 'a-DPP-NH3']	[265.11828089899, -1e-05, 'b-PPS-NH3']	[265.1182853163, -1e-05, 'y-TY-H2O']	[265.11828621528997, -1e-05, 'a-EPT-H2O-NH3']	[265.11828621528997, -1e-05, 'b-ADI-H2O-NH3']	[265.11828621528997, -1e-05, 'b-ADL-H2O-NH3']	[265.11828621528997, -1e-05, 'b-AEV-H2O-NH3']	[265.11828621528997, -1e-05, 'b-EGI-H2O-NH3']	[265.11828621528997, -1e-05, 'b-EGL-H2O-NH3']	[265.11828621528997, -1e-05, 'b-PTT-H2O-NH3']	[265.11828621528997, -1e-05, 'y-PPS-H2O-NH3']
271.17646	68.6	[271.1764653163, 0.0, 'a-KST-H2O']	[271.1764653163, 0.0, 'y-AAK-H2O']	[271.17647, 0.0, 'a-AIN']	[271.17647, 0.0, 'a-ALN']	[271.17647, 0.0, 'a-AQV']	[271.17647, 0.0, 'a-GIQ']	[271.17647, 0.0, 'a-GLQ']	[271.17647, 0.0, 'b-AAK']	[271.17647089899, 0.0, 'y-IR-NH3']	[271.17647089899, 0.0, 'y-LR-NH3']
272.17165	192.4	[272.17172, -6e-05, 'a-GKN']	[272.17172, -6e-05, 'y-PR']
274.1874	149.6	[274.18737, 3e-05, 'y-RV']
275.17142	103.0	[275.17138, 4e-05, 'a-KSS']	[275.17138, 4e-05, 'y-AGK']	[275.17138, 4e-05, 'y-KQ']
276.15545	156.9	[276.1554, 5e-05, 'a-TTT']	[276.1554, 5e-05, 'y-ASV']	[276.1554, 5e-05, 'y-EK']	[276.1554, 5e-05, 'y-GIS']	[276.1554, 5e-05, 'y-GLS']	[276.1554, 5e-05, 'y-GTV']	[276.1567353163, -0.00127, 'b-HR-H2O']
276.16669	30.2	[276.16663, 6e-05, 'y-RT']
278.1534	72.6	[278.15329, 0.00011, 'y-KM']
279.09759	37.0	[279.09755, 4e-05, 'b-DY']	[279.09755089899, 4e-05, 'y-GGY-NH3']	[279.09755089899, 4e-05, 'y-NY-NH3']	[279.0975453163, 5e-05, 'y-DY-H2O']	[279.09754621529, 5e-05, 'a-DEP-H2O-NH3']	[279.09754621529, 5e-05, 'b-DPT-H2O-NH3']	[279.09754621529, 5e-05, 'b-EPS-H2O-NH3']
283.14405	39.8	[283.1441, -4e-05, 'a-FY']	[283.14410089899, -4e-05, 'b-IW-NH3']	[283.14410089899, -4e-05, 'b-LW-NH3']	[283.14410621529, -5e-05, 'a-FPT-H2O-NH3']	[283.14410621529, -5e-05, 'b-AFV-H2O-NH3']	[283.14410621529, -5e-05, 'b-FGI-H2O-NH3']	[283.14410621529, -5e-05, 'b-FGL-H2O-NH3']	[283.14410621529, -5e-05, 'y-IW-H2O-NH3']	[283.14410621529, -5e-05, 'y-LW-H2O-NH3']
286.13987	26.6	[286.13974621528996, 0.00012, 'y-KSS-H2O-NH3']	[286.13975, 0.00012, 'a-DPT']	[286.13975, 0.00012, 'a-EPS']	[286.13975, 0.00012, 'b-ADV']	[286.13975, 0.00012, 'b-DGI']	[286.13975, 0.00012, 'b-DGL']	[286.13975, 0.00012, 'b-EGV']	[286.13975, 0.00012, 'b-PST']	[286.13975089899, 0.00012, 'a-DKS-NH3']	[286.13975089899, 0.00012, 'a-QTT-NH3']	[286.13975089899, 0.00012, 'b-KSS-NH3']	[286.13975089899, 0.00012, 'y-ANV-NH3']	[286.13975089899, 0.00012, 'y-GIN-NH3']	[286.13975089899, 0.00012, 'y-GLN-NH3']	[286.13975089899, 0.00012, 'y-GQV-NH3']	[286.1397453163, 0.00013, 'a-ETT-H2O']	[286.1397453163, 0.00013, 'b-TTT-H2O']	[286.1397453163, 0.00013, 'y-ADV-H2O']	[286.1397453163, 0.00013, 'y-DGI-H2O']	[286.1397453163, 0.00013, 'y-DGL-H2O']	[286.1397453163, 0.00013, 'y-EGV-H2O']	[286.1397453163, 0.00013, 'y-PST-H2O']	[286.1410853163, -0.0012, 'a-GHH-H2O']
288.20308	286.1	[288.20302, 6e-05, 'y-IR']	[288.20302, 6e-05, 'y-LR']
289.16194	48.9	[289.16188, 6e-05, 'y-GGR']	[289.16188, 6e-05, 'y-NR']
290.14603	43.4	[290.1459, 0.00013, 'y-DR']
293.11309	36.7	[293.1131953163, -0.0001, 'y-EY-H2O']	[293.11319621529, -0.0001, 'a-EEP-H2O-NH3']	[293.11319621529, -0.0001, 'b-EPT-H2O-NH3']	[293.11319621529, -0.0001, 'y-DPP-H2O-NH3']	[293.1132, -0.0001, 'b-EY']	[293.11320089899, -0.0001, 'a-SSY-NH3']	[293.11320089899, -0.0001, 'b-DPP-NH3']	[293.11320089899, -0.0001, 'y-AGY-NH3']	[293.11320089899, -0.0001, 'y-FGS-NH3']	[293.11320089899, -0.0001, 'y-QY-NH3']
294.1813	66.0	[294.1812153163, 8e-05, 'a-EIP-H2O']	[294.1812153163, 8e-05, 'a-ELP-H2O']	[294.1812153163, 8e-05, 'b-IPT-H2O']	[294.1812153163, 8e-05, 'b-LPT-H2O']	[294.1812153163, 8e-05, 'y-PPV-H2O']	[294.18121621528996, 8e-05, 'a-DIK-H2O-NH3']	[294.18121621528996, 8e-05, 'a-DKL-H2O-NH3']	[294.18121621528996, 8e-05, 'a-EKV-H2O-NH3']	[294.18121621528996, 8e-05, 'b-IKS-H2O-NH3']	[294.18121621528996, 8e-05, 'b-KLS-H2O-NH3']	[294.18121621528996, 8e-05, 'b-KTV-H2O-NH3']	[294.18122, 8e-05, 'b-PPV']	[294.18122, 8e-05, 'y-FK']	[294.18122089899, 8e-05, 'a-IPQ-NH3']	[294.18122089899, 8e-05, 'a-LPQ-NH3']
299.06174	99.6	[299.06309089898997, -0.00135, 'a-CCH-NH3']
301.12936	38.4	[301.1295153163, -0.00015, 'b-FGN-H2O']	[301.1295153163, -0.00015, 'y-GGW-H2O']	[301.1295153163, -0.00015, 'y-HY-H2O']	[301.1295153163, -0.00015, 'y-NW-H2O']	[301.12951621529, -0.00015, 'a-EHP-H2O-NH3']	[301.12951621529, -0.00015, 'b-HPT-H2O-NH3']	[301.12952, -0.00016, 'b-GGW']	[301.12952, -0.00016, 'b-HY']	[301.12952, -0.00016, 'b-NW']
301.1871	41.8	[301.18703, 6e-05, 'a-AEK']	[301.18703, 6e-05, 'a-INT']	[301.18703, 6e-05, 'a-IQS']	[301.18703, 6e-05, 'a-LNT']	[301.18703, 6e-05, 'a-LQS']	[301.18703, 6e-05, 'a-QTV']	[301.18703, 6e-05, 'b-AKT']	[301.18703, 6e-05, 'y-GKP']	[301.1870353163, 6e-05, 'y-AKT-H2O']
303.17751	58.4	[303.17753, -2e-05, 'a-RSS']	[303.17753, -2e-05, 'y-AGR']	[303.17753, -2e-05, 'y-QR']
303.21377	32.0	[303.21392, -0.00015, 'y-KR']
304.16166	79.2	[304.16155, 0.0001, 'y-ER']
310.17616	105.8	[310.17613621529, 1e-05, 'y-INV-H2O-NH3']	[310.17613621529, 1e-05, 'y-KPT-H2O-NH3']	[310.17613621529, 1e-05, 'y-LNV-H2O-NH3']	[310.17613621529, 1e-05, 'y-QVV-H2O-NH3']	[310.17613, 2e-05, 'y-KY']	[310.17613, 2e-05, 'y-PPP']	[310.17613089899, 2e-05, 'a-EKP-NH3']	[310.17613089899, 2e-05, 'b-INV-NH3']	[310.17613089899, 2e-05, 'b-KPT-NH3']	[310.17613089899, 2e-05, 'b-LNV-NH3']	[310.17613089899, 2e-05, 'b-QVV-NH3']	[310.17613531629996, 2e-05, 'b-DIV-H2O']	[310.17613531629996, 2e-05, 'b-DLV-H2O']	[310.17613531629996, 2e-05, 'b-EVV-H2O']
317.21847	34.5	[317.21833, 0.00013, 'y-AKV']	[317.21833, 0.00013, 'y-GIK']	[317.21833, 0.00013, 'y-GKL']
322.1874	47.2	[322.18737, 1e-05, 'b-AHI']	[322.18737, 1e-05, 'b-AHL']	[322.18737, 1e-05, 'y-FR']	[322.18737089898997, 1e-05, 'a-HKT-NH3']	[322.1873653163, 2e-05, 'b-KNP-H2O']	[322.1873653163, 2e-05, 'y-AHI-H2O']	[322.1873653163, 2e-05, 'y-AHL-H2O']	[322.18736621529, 2e-05, 'a-DIR-H2O-NH3']	[322.18736621529, 2e-05, 'a-DLR-H2O-NH3']	[322.18736621529, 2e-05, 'a-ERV-H2O-NH3']	[322.18736621529, 2e-05, 'a-KQQ-H2O-NH3']	[322.18736621529, 2e-05, 'b-IRS-H2O-NH3']	[322.18736621529, 2e-05, 'b-LRS-H2O-NH3']	[322.18736621529, 2e-05, 'b-RTV-H2O-NH3']
338.18227	55.4	[338.18227621528996, -2e-05, 'y-PRT-H2O-NH3']	[338.18228, -2e-05, 'a-DHI']	[338.18228, -2e-05, 'a-DHL']	[338.18228, -2e-05, 'a-EHV']	[338.18228, -2e-05, 'b-HIS']	[338.18228, -2e-05, 'b-HLS']	[338.18228, -2e-05, 'b-HTV']	[338.18228, -2e-05, 'y-RY']	[338.18228089899, -3e-05, 'a-EPR-NH3']	[338.18228089899, -3e-05, 'b-PRT-NH3']	[338.18228089899, -3e-05, 'y-AHK-NH3']	[338.1822853163, -3e-05, 'b-INQ-H2O']	[338.1822853163, -3e-05, 'b-LNQ-H2O']	[338.1822853163, -3e-05, 'b-QQV-H2O']	[338.1822853163, -3e-05, 'y-HIS-H2O']	[338.1822853163, -3e-05, 'y-HLS-H2O']	[338.1822853163, -3e-05, 'y-HTV-H2O']
345.21327	45.1	[345.21325, 0.0, 'y-INV']	[345.21325, 0.0, 'y-KPT']	[345.21325, 0.0, 'y-LNV']	[345.21325, 0.0, 'y-QVV']	[345.21325089899, 0.0, 'y-KKS-NH3']	[345.2145853163, -0.00133, 'a-HPR-H2O']
359.02848	277.4
361.02642	60.3
370.68793	45.4
