56.05058	56.04947	1256.2	1.8%	[56.04948, -6.395e-05, 'IK-C2H4-NH3']	[56.04948, -6.395e-05, 'IQ-CO-NH3']	[56.04948, -6.395e-05, 'IR-C2H4N2-NH3']	[56.04948, -6.395e-05, 'IT-H2O']
60.0455	60.04438	1323.3	2.6%	[60.04439, -5.292e-05, 'IS']
60.05672	60.0556	686.2	2.1%	[60.05562, -6.291e-05, 'IR-C4H7N']
61.01176	61.01064	756.6	1.6%	[61.01065, -5.182e-05, 'IM-C2H2-NH3']
69.07098	69.06986	1902.2	4.9%	[69.06988, -4.185e-05, 'II-NH3']	[69.06988, -4.185e-05, 'IL-NH3']
70.02986	70.02875	1047.8	3.6%	[70.02874, -1.838e-05, 'ID-H2O']	[70.02874, -1.838e-05, 'IN-NH3']	[70.02874, -1.838e-05, 'b(S)-H2O']	[70.02874, -1.838e-05, 'a(GG)-NH3']
70.06624	70.06513	15958.9	10.8%	[70.06513, -2.824e-05, 'IP']	[70.06513, -2.824e-05, 'IR-CH5N3']	[70.06513, -2.824e-05, 'IR-CH2N2-NH3']
71.06958	71.06847	878.7	3.6%	[71.06853, -8.439e-05, 'IP+i']
72.08188	72.08077	17500.5	12.2%	[72.08078, -3.031e-05, 'II-CH2']	[72.08078, -3.031e-05, 'IL-CH2']	[72.08078, -3.031e-05, 'IV']
73.08521	73.0841	1578.0	5.4%	[73.08418, -9.607e-05, 'IV+i']
74.06114	74.06004	8742.0	12.1%	[74.06004, -2.178e-05, 'IT']
81.03459	81.03351	2111.9	5.8%	[81.03349, 1.28e-05, 'b(P)-NH3']	[81.03349, 1.28e-05, 'y(P)-H2O-NH3']	[81.03349, 1.28e-05, 'IR+H2O+H2O-N3H7-H2O-NH3']
83.06147	83.0604	2248.7	9.4%	[83.06037, 2.382e-05, 'IR-CH6N2']	[83.06037, 2.382e-05, 'IQ-H2O']	[83.06037, 2.382e-05, 'IR-CH3N-NH3']	[83.06037, 2.382e-05, 'a(AG)-H2O']
84.04548	84.04441	17195.8	21.8%	[84.04439, 1.928e-05, 'IQ-NH3']	[84.04439, 1.928e-05, 'IE-H2O']	[84.04439, 1.928e-05, 'b(T)-H2O']	[84.04439, 1.928e-05, 'a(AG)-NH3']
84.08186	84.08079	28458.4	22.7%	[84.08078, 9.48e-06, 'IK-NH3']
85.08519	85.08413	1831.9	8.8%	[85.08418, -5.489e-05, 'IK+i-NH3']
86.0611	86.06004	488.5	1.6%
86.09464	86.09358	677.9	0.8%
86.0975	86.09644	35735.0	25.0%	[86.09643, 1.084e-05, 'II']	[86.09643, 1.084e-05, 'IL']	[86.09643, 1.084e-05, 'C5H12N']
87.04512	87.04406	1108.6	2.1%	[87.04406, 6.24e-06, 'C4H7O2']
87.05636	87.0553	5577.6	16.0%	[87.05529, 1.63e-05, 'IN']	[87.05529, 1.63e-05, 'a(GG)']
87.10085	87.09979	5940.3	17.8%	[87.09983, -3.344e-05, 'II+i']	[87.09983, -3.344e-05, 'IL+i']
88.04038	88.03933	5764.9	16.6%	[88.0393, 3.194e-05, 'ID']	[88.0393, 3.194e-05, 'b(S)']	[88.0393, 3.194e-05, 'y(S)-H2O']
89.06079	89.05974	2071.4	3.7%	[89.05971, 3.781e-05, 'C4H9O2']
91.05534	91.0543	716.3	3.3%	[91.05423, 7.932e-05, 'IF-CH3N']	[91.05423, 7.932e-05, 'IY-CO-NH3']
93.04584	93.04481	767.1	5.3%	[93.04472, 0.0001008, 'IH-NH3']
96.04544	96.04443	670.4	3.5%	[96.04439, 4.794e-05, 'a(AS)-H2O-NH3']	[96.04439, 4.794e-05, 'a(GT)-H2O-NH3']
96.05667	96.05566	1787.3	5.7%
97.02941	97.0284	9313.1	22.6%
98.06103	98.06003	1337.2	6.0%	[98.06004, -7.4e-07, 'b(P)']	[98.06004, -7.4e-07, 'y(P)-H2O']	[98.06004, -7.4e-07, 'IR+H2O+H2O-N3H7-H2O']	[98.06004, -7.4e-07, 'a(AA)-NH3']
98.98516	98.98416	2302.8	7.7%
99.04504	99.04404	507.8	1.6%	[99.04406, -5.29e-06, 'y(P)-NH3']	[99.04406, -5.29e-06, 'IR+H2O+H2O-N3H7-NH3']
99.05627	99.05527	607.1	3.0%	[99.05529, -5.23e-06, 'a(GS)-H2O']
101.0607	101.05971	709.5	1.3%	[101.05971, 1.568e-05, 'y(V)-NH3']
101.07192	101.07093	11380.8	30.5%	[101.07094, 5.74e-06, 'IQ']	[101.07094, 5.74e-06, 'a(AG)']
101.1083	101.10731	2523.7	14.2%	[101.10732, 5.94e-06, 'IK']
102.05595	102.05497	13266.6	32.8%	[102.05495, 3.099e-05, 'IE']	[102.05495, 3.099e-05, 'b(T)']	[102.05495, 3.099e-05, 'y(T)-H2O']
102.0685	102.06752	599.9	0.9%
104.05383	104.05286	11619.0	27.9%	[104.05285, 2.139e-05, 'IM']
108.04541	108.04446	736.0	2.1%	[108.04439, 8.102e-05, 'b(AA)-H2O-NH3']
110.06104	110.0601	2214.5	8.3%	[110.06004, 7.026e-05, 'a(AT)-H2O-NH3']	[110.06004, 7.026e-05, 'a(GP)-NH3']
110.07228	110.07134	48195.7	46.4%	[110.07127, 8.031e-05, 'IH']
111.07561	111.07467	3293.4	19.7%	[111.07467, 1.472e-05, 'IH+i']
112.0515	112.05057	6245.2	17.3%
112.07664	112.07571	702.1	4.9%	[112.07569, 2.899e-05, 'IK+CO-NH3']	[112.07569, 2.899e-05, 'IK+CO+H2O-H2O-NH3']	[112.07569, 2.899e-05, 'IK+CO+H2O-NH3-H2O']	[112.07569, 2.899e-05, 'b(K)-NH3']	[112.07569, 2.899e-05, 'y(K)-H2O-NH3']	[112.07569, 2.899e-05, 'a(GV)-NH3']
112.08788	112.08695	7422.6	32.0%	[112.08692, 3.904e-05, 'IR-NH3']
113.05481	113.05388	554.4	1.5%
113.07186	113.07093	2658.6	18.3%	[113.07094, 3.11e-06, 'a(AS)-H2O']	[113.07094, 3.11e-06, 'a(GT)-H2O']
115.05111	115.05019	683.0	3.8%	[115.0502, 8.8e-07, 'b(N)']	[115.0502, 8.8e-07, 'b(GG)']	[115.0502, 8.8e-07, 'y(N)-H2O']	[115.0502, 8.8e-07, 'y(GG)-H2O']
115.08749	115.08657	7539.4	33.8%	[115.08659, -8.98e-06, 'a(AA)']
116.0715	116.07058	4539.7	25.3%	[116.0706, -5.33e-06, 'y(P)']	[116.0706, -5.33e-06, 'IR+H2O+H2O-N3H7']
119.05003	119.04912	1060.6	5.0%	[119.04914, -5.18e-06, 'IY-NH3']
120.08166	120.08076	27503.0	44.9%	[120.08078, -1.199e-05, 'IF']
121.085	121.0841	2779.1	14.1%	[121.08418, -6.905e-05, 'IF+i']
122.07215	122.07125	2234.1	10.3%	[122.07127, -6.32e-06, 'b(R)-H2O-NH3']
125.07182	125.07093	495.5	3.2%	[125.07094, 9.7e-07, 'b(AA)-H2O']
126.05585	126.05497	573.6	3.8%	[126.05495, 2.303e-05, 'b(AA)-NH3']	[126.05495, 2.303e-05, 'y(AA)-H2O-NH3']	[126.05495, 2.303e-05, 'a(ST)-H2O-NH3']
127.05111	127.05023	880.5	4.9%	[127.0502, 3.493e-05, 'a(DG)-H2O']	[127.0502, 3.493e-05, 'a(GN)-NH3']	[127.0502, 3.493e-05, 'b(GS)-H2O']	[127.0502, 3.493e-05, 'a(GGG)-NH3']
127.08749	127.08661	4093.5	21.8%	[127.08659, 2.5e-05, 'a(GP)']	[127.08659, 2.5e-05, 'a(AT)-H2O']
128.07151	128.07063	871.3	7.0%	[128.0706, 3.671e-05, 'a(AT)-NH3']
128.10789	128.10701	851.2	4.8%	[128.10699, 2.677e-05, 'C7H14NO']
129.06676	129.06588	4745.0	25.5%	[129.06585, 3.826e-05, 'IQ+CO']	[129.06585, 3.826e-05, 'b(Q)']	[129.06585, 3.826e-05, 'b(AG)']	[129.06585, 3.826e-05, 'y(Q)-H2O']	[129.06585, 3.826e-05, 'y(AG)-H2O']	[129.06585, 3.826e-05, 'a(SS)-H2O']
129.10313	129.10225	50448.4	60.3%	[129.10224, 1.831e-05, 'IK+CO']	[129.10224, 1.831e-05, 'b(K)']	[129.10224, 1.831e-05, 'a(GV)']	[129.10224, 1.831e-05, 'IK+CO+H2O-H2O']	[129.10224, 1.831e-05, 'y(K)-H2O']
130.05077	130.0499	2545.1	17.7%	[130.04987, 2.962e-05, 'b(E)']	[130.04987, 2.962e-05, 'y(E)-H2O']	[130.04987, 2.962e-05, 'y(Q)-NH3']	[130.04987, 2.962e-05, 'y(AG)-NH3']	[130.04987, 2.962e-05, 'a(SS)-NH3']
130.06601	130.06514	2906.5	12.4%	[130.06513, 9.64e-06, 'IW-CH3N']	[130.06513, 9.64e-06, 'b(F)-H2O']
130.08715	130.08628	29006.0	56.1%	[130.08626, 1.966e-05, 'IK+CO+H2O-NH3']	[130.08626, 1.966e-05, 'y(K)-NH3']
130.10645	130.10558	2782.7	23.6%	[130.10564, -6.031e-05, 'b(K)+i']	[130.10564, -6.031e-05, 'y(K)+i-H2O']
131.07118	131.07031	491.4	1.7%	[131.07027, 4.084e-05, 'C6H11O3']
131.08239	131.08152	1301.4	6.7%	[131.0815, 2.085e-05, 'a(AS)']	[131.0815, 2.085e-05, 'a(GT)']
131.09048	131.08961	573.9	6.9%	[131.08966, -4.914e-05, 'y(K)+i-NH3']
131.11877	131.1179	630.7	3.1%	[131.11789, 1.089e-05, 'C6H15N2O']
132.08165	132.08078	1529.8	5.9%	[132.08078, 1.87e-06, 'IW-CHN']	[132.08078, 1.87e-06, 'a(PP)-H2O-NH3']
133.04387	133.043	2386.3	12.6%	[133.04301, -7.33e-06, 'IC[Carbamidomethyl]']	[133.04301, -7.33e-06, 'a(CG)']
133.06162	133.06075	780.2	3.6%	[133.06077, -1.731e-05, 'y(N)']	[133.06077, -1.731e-05, 'y(GG)']
133.08679	133.08592	2297.4	5.3%	[133.08592, 2.7e-06, 'C6H13O3']
136.06259	136.06173	15338.1	43.3%
136.07648	136.07562	25836.9	56.7%	[136.07569, -7.589e-05, 'IY']	[136.07569, -7.589e-05, 'b(AV)-H2O-NH3']	[136.07569, -7.589e-05, 'b(GI)-H2O-NH3']	[136.07569, -7.589e-05, 'b(GL)-H2O-NH3']	[136.07569, -7.589e-05, 'a(PT)-H2O-NH3']
136.08769	136.08683	1443.5	9.5%
137.06589	137.06503	831.2	4.5%
137.07979	137.07893	2108.6	13.4%	[137.07909, -0.00016579, 'IY+i']
138.05573	138.05487	699.8	4.0%	[138.05495, -8.586e-05, 'a(AE)-H2O-NH3']	[138.05495, -8.586e-05, 'b(AT)-H2O-NH3']	[138.05495, -8.586e-05, 'b(GP)-NH3']	[138.05495, -8.586e-05, 'y(GP)-H2O-NH3']
138.06694	138.06608	2970.3	20.2%	[138.06619, -0.00011586, 'b(H)']	[138.06619, -0.00011586, 'IH+CO+H2O-H2O']	[138.06619, -0.00011586, 'y(H)-H2O']
138.09211	138.09125	536.2	3.8%	[138.09134, -9.587e-05, 'a(IS)-H2O-NH3']	[138.09134, -9.587e-05, 'a(LS)-H2O-NH3']	[138.09134, -9.587e-05, 'a(TV)-H2O-NH3']
139.08734	139.08648	648.6	6.9%	[139.08659, -0.00011613, 'b(GV)-H2O']	[139.08659, -0.00011613, 'a(PS)-H2O']
140.07136	140.0705	683.9	4.0%	[140.0706, -0.00010656, 'b(GV)-NH3']	[140.0706, -0.00010656, 'y(GV)-H2O-NH3']	[140.0706, -0.00010656, 'a(PS)-NH3']	[140.0706, -0.00010656, 'a(TT)-H2O-NH3']
141.0666	141.06574	3184.7	20.9%	[141.06585, -0.00011718, 'a(AD)-H2O']	[141.06585, -0.00011718, 'a(AN)-NH3']	[141.06585, -0.00011718, 'b(AS)-H2O']	[141.06585, -0.00011718, 'a(EG)-H2O']	[141.06585, -0.00011718, 'a(GQ)-NH3']	[141.06585, -0.00011718, 'b(GT)-H2O']	[141.06585, -0.00011718, 'a(AGG)-NH3']
141.10299	141.10213	3889.8	25.7%	[141.10224, -0.0001172, 'a(AP)']	[141.10224, -0.0001172, 'a(GK)-NH3']	[141.10224, -0.0001172, 'a(SV)-H2O']
142.12346	142.1226	479.8	2.3%	[142.12264, -4.802e-05, 'C8H16NO']
143.08231	143.08145	2077.5	12.8%	[143.0815, -5.896e-05, 'b(AA)']	[143.0815, -5.896e-05, 'y(AA)-H2O']	[143.0815, -5.896e-05, 'a(ST)-H2O']
143.1187	143.11784	10428.0	39.8%	[143.11789, -5.9e-05, 'a(AV)']	[143.11789, -5.9e-05, 'a(GI)']	[143.11789, -5.9e-05, 'a(GL)']
145.06155	145.06069	1992.6	15.5%	[145.06077, -9.141e-05, 'a(DG)']	[145.06077, -9.141e-05, 'b(GS)']	[145.06077, -9.141e-05, 'y(GS)-H2O']
145.08672	145.08586	509.0	1.1%
145.09796	145.0971	989.5	5.1%	[145.09715, -6.147e-05, 'a(AT)']
147.1136	147.11274	45065.8	70.1%	[147.1128, -7.467e-05, 'IK+CO+H2O']	[147.1128, -7.467e-05, 'y(K)']
148.0765	148.07564	685.3	4.1%	[148.07569, -6.645e-05, 'b(F)']	[148.07569, -6.645e-05, 'y(F)-H2O']
148.11696	148.1161	1229.9	14.5%	[148.1162, -0.00011652, 'y(K)+i']
149.0242	149.02334	617.4	1.3%	[149.02332, 1.66e-06, 'C8H5O3']
149.04573	149.04487	579.7	3.2%	[149.04608, -0.00122839, 'b(M[Oxidation])+i']	[149.04608, -0.00122839, 'y(M[Oxidation])+i-H2O']
152.05757	152.0567	4324.2	21.6%
153.06676	153.06589	559.4	5.7%	[153.06585, 2.194e-05, 'a(NT)-H2O-NH3']	[153.06585, 2.194e-05, 'a(QS)-H2O-NH3']	[153.06585, 2.194e-05, 'a(AGS)-H2O-NH3']	[153.06585, 2.194e-05, 'a(GGT)-H2O-NH3']
153.10312	153.10225	668.3	5.6%	[153.10224, -8.16e-06, 'b(AV)-H2O']	[153.10224, -8.16e-06, 'b(GI)-H2O']	[153.10224, -8.16e-06, 'b(GL)-H2O']	[153.10224, -8.16e-06, 'a(KS)-H2O-NH3']	[153.10224, -8.16e-06, 'a(PT)-H2O']
154.08714	154.08627	1837.6	12.8%	[154.08626, -1.091e-05, 'b(AV)-NH3']	[154.08626, -1.091e-05, 'y(AV)-H2O-NH3']	[154.08626, -1.091e-05, 'b(GI)-NH3']	[154.08626, -1.091e-05, 'b(GL)-NH3']	[154.08626, -1.091e-05, 'y(GI)-H2O-NH3']	[154.08626, -1.091e-05, 'y(GL)-H2O-NH3']	[154.08626, -1.091e-05, 'a(PT)-NH3']
155.0824	155.08152	6199.5	41.0%	[155.0815, 6.16e-06, 'b(GP)']	[155.0815, 6.16e-06, 'a(AE)-H2O']	[155.0815, 6.16e-06, 'a(AQ)-NH3']	[155.0815, 6.16e-06, 'b(AT)-H2O']	[155.0815, 6.16e-06, 'y(GP)-H2O']	[155.0815, 6.16e-06, 'a(AAG)-NH3']
155.11878	155.1179	2241.9	17.8%	[155.11789, -3.95e-06, 'a(AK)-NH3']	[155.11789, -3.95e-06, 'a(IS)-H2O']	[155.11789, -3.95e-06, 'a(LS)-H2O']	[155.11789, -3.95e-06, 'a(TV)-H2O']
156.07773	156.07685	1078.0	10.3%	[156.07675, 8.308e-05, 'IH+CO+H2O']	[156.07675, 8.308e-05, 'y(H)']	[156.07675, 8.308e-05, 'a(NS)-H2O']	[156.07675, 8.308e-05, 'a(GGS)-H2O']
157.06175	157.06087	678.6	4.9%	[157.06077, 7.99e-05, 'a(DS)-H2O']	[157.06077, 7.99e-05, 'a(NS)-NH3']	[157.06077, 7.99e-05, 'b(SS)-H2O']	[157.06077, 7.99e-05, 'a(GGS)-NH3']
157.0981	157.09722	3696.1	26.9%	[157.09715, 4.978e-05, 'b(GV)']	[157.09715, 4.978e-05, 'a(PS)']	[157.09715, 4.978e-05, 'y(GV)-H2O']	[157.09715, 4.978e-05, 'a(TT)-H2O']
157.10934	157.10846	1640.9	19.3%	[157.10839, 4.975e-05, 'b(R)']	[157.10839, 4.975e-05, 'IK+CO+H2ON2-H2O']	[157.10839, 4.975e-05, 'IR+CO+H2O-H2O']	[157.10839, 4.975e-05, 'y(R)-H2O']
157.13448	157.1336	6273.3	34.5%	[157.13354, 3.966e-05, 'a(AI)']	[157.13354, 3.966e-05, 'a(AL)']
158.06437	158.06349	1942.4	6.1%	[158.06341, 5.653e-05, 'a(AM)-NH3']	[158.06341, 5.653e-05, 'a(CV)-NH3']
158.09335	158.09247	7319.9	46.0%	[158.0924, 4.643e-05, 'a(AN)']	[158.0924, 4.643e-05, 'a(GQ)']	[158.0924, 4.643e-05, 'a(AGG)']	[158.0924, 4.643e-05, 'IK+CO+H2ON2-NH3']	[158.0924, 4.643e-05, 'IR+CO+H2O-NH3']	[158.0924, 4.643e-05, 'y(R)-NH3']
159.07734	159.07645	4090.5	28.4%	[159.07642, 1.299e-05, 'a(AD)']	[159.07642, 1.299e-05, 'b(AS)']	[159.07642, 1.299e-05, 'a(EG)']	[159.07642, 1.299e-05, 'b(GT)']	[159.07642, 1.299e-05, 'y(AS)-H2O']	[159.07642, 1.299e-05, 'y(GT)-H2O']
159.0926	159.09171	5751.6	28.4%	[159.09167, 2.293e-05, 'IW']	[159.09167, 2.293e-05, 'a(FG)-H2O']
159.11373	159.11284	1393.2	8.3%	[159.1128, 2.286e-05, 'a(SV)']
160.09599	160.0951	586.4	4.2%	[160.09507, 9.29e-06, 'IW+i']
164.0828	164.08189	840.1	7.0%	[164.08184, 3.364e-05, 'a(AH)-NH3']
165.10318	165.10227	529.0	4.7%	[165.10224, 9.35e-06, 'b(AK)-H2O-NH3']	[165.10224, 9.35e-06, 'a(IN)-H2O-NH3']	[165.10224, 9.35e-06, 'a(LN)-H2O-NH3']	[165.10224, 9.35e-06, 'a(QV)-H2O-NH3']	[165.10224, 9.35e-06, 'a(AGV)-H2O-NH3']	[165.10224, 9.35e-06, 'a(GGI)-H2O-NH3']	[165.10224, 9.35e-06, 'a(GGL)-H2O-NH3']
166.06204	166.06112	6396.7	36.9%	[166.0611, 5.23e-06, 'a(NN)-H2O-NH3']	[166.0611, 5.23e-06, 'a(GGN)-H2O-NH3']
166.08719	166.08627	663.0	4.1%	[166.08626, -4.87e-06, 'y(F)']	[166.08626, -4.87e-06, 'a(DI)-H2O-NH3']	[166.08626, -4.87e-06, 'a(DL)-H2O-NH3']	[166.08626, -4.87e-06, 'a(EV)-H2O-NH3']	[166.08626, -4.87e-06, 'b(IS)-H2O-NH3']	[166.08626, -4.87e-06, 'b(LS)-H2O-NH3']	[166.08626, -4.87e-06, 'b(TV)-H2O-NH3']
167.05635	167.05543	575.7	4.0%	[167.05502, 0.00039087, 'C5H11O6']
167.08242	167.0815	2345.9	22.4%	[167.0815, -1.924e-05, 'a(DP)-H2O']	[167.0815, -1.924e-05, 'a(NP)-NH3']	[167.0815, -1.924e-05, 'b(PS)-H2O']	[167.0815, -1.924e-05, 'a(QT)-H2O-NH3']	[167.0815, -1.924e-05, 'a(AAS)-H2O-NH3']	[167.0815, -1.924e-05, 'a(AGT)-H2O-NH3']	[167.0815, -1.924e-05, 'a(GGP)-NH3']
167.09367	167.09275	1066.6	10.3%	[167.09274, -9.29e-06, 'a(GH)']
169.06169	169.06076	1230.2	10.6%	[169.06077, -2.817e-05, 'b(AD)-H2O']	[169.06077, -2.817e-05, 'b(AN)-NH3']	[169.06077, -2.817e-05, 'y(AN)-H2O-NH3']	[169.06077, -2.817e-05, 'b(EG)-H2O']	[169.06077, -2.817e-05, 'b(GQ)-NH3']	[169.06077, -2.817e-05, 'y(GQ)-H2O-NH3']	[169.06077, -2.817e-05, 'b(AGG)-NH3']	[169.06077, -2.817e-05, 'y(AGG)-H2O-NH3']	[169.06077, -2.817e-05, 'a(GSS)-H2O-NH3']
169.09807	169.09714	5608.5	34.6%	[169.09715, -2.834e-05, 'b(AP)']	[169.09715, -2.834e-05, 'y(AP)-H2O']	[169.09715, -2.834e-05, 'a(DV)-H2O']	[169.09715, -2.834e-05, 'b(GK)-NH3']	[169.09715, -2.834e-05, 'y(GK)-H2O-NH3']	[169.09715, -2.834e-05, 'a(NV)-NH3']	[169.09715, -2.834e-05, 'b(SV)-H2O']	[169.09715, -2.834e-05, 'a(AAA)-NH3']	[169.09715, -2.834e-05, 'a(GGV)-NH3']
169.13446	169.13353	6816.7	39.2%	[169.13354, -2.851e-05, 'a(PV)']	[169.13354, -2.851e-05, 'a(IT)-H2O']	[169.13354, -2.851e-05, 'a(LT)-H2O']
170.06095	170.06001	1249.5	5.9%	[170.06004, -4.279e-05, 'IW+CO-NH3']	[170.06004, -4.279e-05, 'b(W)-NH3']	[170.06004, -4.279e-05, 'y(W)-H2O-NH3']	[170.06004, -4.279e-05, 'b(FG)-H2O-NH3']
171.07732	171.07638	1489.6	11.9%	[171.07642, -5.756e-05, 'a(DT)-H2O']	[171.07642, -5.756e-05, 'a(ES)-H2O']	[171.07642, -5.756e-05, 'a(NT)-NH3']	[171.07642, -5.756e-05, 'a(QS)-NH3']	[171.07642, -5.756e-05, 'b(ST)-H2O']	[171.07642, -5.756e-05, 'a(AGS)-NH3']	[171.07642, -5.756e-05, 'a(GGT)-NH3']
171.11372	171.11278	6942.9	42.3%	[171.1128, -3.774e-05, 'b(AV)']	[171.1128, -3.774e-05, 'b(GI)']	[171.1128, -3.774e-05, 'b(GL)']	[171.1128, -3.774e-05, 'a(PT)']	[171.1128, -3.774e-05, 'y(AV)-H2O']	[171.1128, -3.774e-05, 'y(GI)-H2O']	[171.1128, -3.774e-05, 'y(GL)-H2O']	[171.1128, -3.774e-05, 'a(KS)-NH3']
171.1501	171.14916	9510.4	40.8%	[171.14919, -4.791e-05, 'a(VV)']
172.07259	172.07164	818.0	4.9%	[172.07167, -4.23e-05, 'b(GN)']	[172.07167, -4.23e-05, 'b(GGG)']	[172.07167, -4.23e-05, 'y(GN)-H2O']	[172.07167, -4.23e-05, 'y(GGG)-H2O']
172.10897	172.10802	496.1	4.9%	[172.10805, -4.247e-05, 'a(AQ)']	[172.10805, -4.247e-05, 'a(AAG)']
172.15352	172.15257	809.2	6.3%
173.05667	173.05572	480.3	3.4%	[173.05568, 2.297e-05, 'b(DG)']	[173.05568, 2.297e-05, 'y(DG)-H2O']	[173.05568, 2.297e-05, 'y(GN)-NH3']	[173.05568, 2.297e-05, 'y(GGG)-NH3']
173.09306	173.09211	2850.3	22.6%	[173.09207, 2.28e-05, 'a(AE)']	[173.09207, 2.28e-05, 'b(AT)']	[173.09207, 2.28e-05, 'y(GP)']	[173.09207, 2.28e-05, 'y(AT)-H2O']
173.12943	173.12848	7572.7	45.1%	[173.12845, 1.262e-05, 'a(IS)']	[173.12845, 1.262e-05, 'a(LS)']	[173.12845, 1.262e-05, 'a(TV)']
174.13289	174.13193	487.3	3.6%
175.07233	175.07137	505.9	2.7%	[175.07133, 2.314e-05, 'a(DS)']	[175.07133, 2.314e-05, 'b(SS)']	[175.07133, 2.314e-05, 'y(SS)-H2O']
175.10881	175.10785	864.9	6.9%	[175.10772, 0.00011297, 'y(GV)']	[175.10772, 0.00011297, 'a(TT)']
175.11993	175.11897	38880.2	81.1%	[175.11895, 2.91e-06, 'IK+CO+H2ON2']	[175.11895, 2.91e-06, 'IR+CO+H2O']	[175.11895, 2.91e-06, 'y(R)']
176.12346	176.12249	1192.1	16.7%	[176.12235, 0.00012796, 'y(R)+i']
177.03214	177.03116	524.3	4.9%
177.10322	177.10224	798.1	5.3%	[177.10224, -6.89e-06, 'a(FG)']	[177.10224, -6.89e-06, 'b(PP)-H2O']	[177.10224, -6.89e-06, 'a(AAP)-H2O-NH3']
177.11311	177.11213	1043.5	2.8%	[177.11214, -1.694e-05, 'C8H17O4']
179.11886	179.11787	726.8	6.4%	[179.11789, -2.692e-05, 'a(IQ)-H2O-NH3']	[179.11789, -2.692e-05, 'a(LQ)-H2O-NH3']	[179.11789, -2.692e-05, 'b(PV)-H2O']	[179.11789, -2.692e-05, 'a(AAV)-H2O-NH3']	[179.11789, -2.692e-05, 'a(AGI)-H2O-NH3']	[179.11789, -2.692e-05, 'a(AGL)-H2O-NH3']
180.10287	180.10188	962.3	6.6%	[180.10191, -4.182e-05, 'a(EI)-H2O-NH3']	[180.10191, -4.182e-05, 'a(EL)-H2O-NH3']	[180.10191, -4.182e-05, 'b(IT)-H2O-NH3']	[180.10191, -4.182e-05, 'b(LT)-H2O-NH3']	[180.10191, -4.182e-05, 'b(PV)-NH3']	[180.10191, -4.182e-05, 'y(PV)-H2O-NH3']
181.06175	181.06075	1110.3	10.7%	[181.06077, -2.658e-05, 'a(DQ)-H2O-NH3']	[181.06077, -2.658e-05, 'a(EN)-H2O-NH3']	[181.06077, -2.658e-05, 'b(NT)-H2O-NH3']	[181.06077, -2.658e-05, 'b(QS)-H2O-NH3']	[181.06077, -2.658e-05, 'a(ADG)-H2O-NH3']	[181.06077, -2.658e-05, 'b(AGS)-H2O-NH3']	[181.06077, -2.658e-05, 'a(EGG)-H2O-NH3']	[181.06077, -2.658e-05, 'b(GGT)-H2O-NH3']
181.09814	181.09714	1201.0	13.0%	[181.09715, -1.677e-05, 'a(DK)-H2O-NH3']	[181.09715, -1.677e-05, 'a(EP)-H2O']	[181.09715, -1.677e-05, 'b(KS)-H2O-NH3']	[181.09715, -1.677e-05, 'a(PQ)-NH3']	[181.09715, -1.677e-05, 'b(PT)-H2O']	[181.09715, -1.677e-05, 'a(AAT)-H2O-NH3']	[181.09715, -1.677e-05, 'a(AGP)-NH3']	[181.09715, -1.677e-05, 'a(GSV)-H2O-NH3']
181.10934	181.10834	4499.5	28.6%	[181.10839, -5.682e-05, 'a(AH)']	[181.10839, -5.682e-05, 'a(RS)-H2O-NH3']
183.07748	183.07647	955.7	8.7%	[183.07642, 4.345e-05, 'b(AE)-H2O']	[183.07642, 4.345e-05, 'b(AQ)-NH3']	[183.07642, 4.345e-05, 'y(AQ)-H2O-NH3']	[183.07642, 4.345e-05, 'a(ASS)-H2O-NH3']	[183.07642, 4.345e-05, 'b(AAG)-NH3']	[183.07642, 4.345e-05, 'y(AAG)-H2O-NH3']	[183.07642, 4.345e-05, 'a(GST)-H2O-NH3']
183.11384	183.11283	4678.5	40.7%	[183.1128, 2.327e-05, 'b(AK)-NH3']	[183.1128, 2.327e-05, 'y(AK)-H2O-NH3']	[183.1128, 2.327e-05, 'a(DI)-H2O']	[183.1128, 2.327e-05, 'a(DL)-H2O']	[183.1128, 2.327e-05, 'a(EV)-H2O']	[183.1128, 2.327e-05, 'a(IN)-NH3']	[183.1128, 2.327e-05, 'b(IS)-H2O']	[183.1128, 2.327e-05, 'a(LN)-NH3']	[183.1128, 2.327e-05, 'b(LS)-H2O']	[183.1128, 2.327e-05, 'a(QV)-NH3']	[183.1128, 2.327e-05, 'b(TV)-H2O']	[183.1128, 2.327e-05, 'a(AGV)-NH3']	[183.1128, 2.327e-05, 'a(GGI)-NH3']	[183.1128, 2.327e-05, 'a(GGL)-NH3']
183.15024	183.14923	4182.2	28.5%	[183.14919, 3.309e-05, 'a(IP)']	[183.14919, 3.309e-05, 'a(LP)']	[183.14919, 3.309e-05, 'a(KV)-NH3']
184.10907	184.10805	694.7	6.3%	[184.10805, -1.6e-06, 'a(NP)']	[184.10805, -1.6e-06, 'a(GGP)']	[184.10805, -1.6e-06, 'a(QT)-H2O']	[184.10805, -1.6e-06, 'a(AAS)-H2O']	[184.10805, -1.6e-06, 'a(AGT)-H2O']
185.05674	185.05572	815.5	6.3%	[185.05568, 3.379e-05, 'a(DD)-H2O']	[185.05568, 3.379e-05, 'a(DN)-NH3']	[185.05568, 3.379e-05, 'b(DS)-H2O']	[185.05568, 3.379e-05, 'b(NS)-NH3']	[185.05568, 3.379e-05, 'y(NS)-H2O-NH3']	[185.05568, 3.379e-05, 'a(DGG)-NH3']	[185.05568, 3.379e-05, 'b(GGS)-NH3']	[185.05568, 3.379e-05, 'y(GGS)-H2O-NH3']
185.07536	185.07434	519.4	2.2%	[185.07431, 2.37e-05, 'b(AM)-H2O']	[185.07431, 2.37e-05, 'b(CV)-H2O']
185.09312	185.0921	3730.3	33.4%	[185.09207, 2.362e-05, 'a(DP)']	[185.09207, 2.362e-05, 'b(PS)']	[185.09207, 2.362e-05, 'a(ET)-H2O']	[185.09207, 2.362e-05, 'y(PS)-H2O']	[185.09207, 2.362e-05, 'a(QT)-NH3']	[185.09207, 2.362e-05, 'b(TT)-H2O']	[185.09207, 2.362e-05, 'a(AAS)-NH3']	[185.09207, 2.362e-05, 'a(AGT)-NH3']
185.1295	185.12848	4097.2	29.4%	[185.12845, 2.344e-05, 'b(AI)']	[185.12845, 2.344e-05, 'b(AL)']	[185.12845, 2.344e-05, 'y(AI)-H2O']	[185.12845, 2.344e-05, 'y(AL)-H2O']	[185.12845, 2.344e-05, 'a(KT)-NH3']
185.1659	185.16488	5546.5	33.0%	[185.16484, 3.327e-05, 'a(IV)']	[185.16484, 3.327e-05, 'a(LV)']
186.0594	186.05837	536.6	3.0%	[186.05833, 3.897e-05, 'b(AM)-NH3']	[186.05833, 3.897e-05, 'y(AM)-H2O-NH3']	[186.05833, 3.897e-05, 'b(CV)-NH3']	[186.05833, 3.897e-05, 'y(CV)-H2O-NH3']	[186.05833, 3.897e-05, 'a(M[Oxidation]T)-H2O-NH3']
186.08835	186.08732	2050.9	17.1%	[186.08732, -1.17e-06, 'b(AN)']	[186.08732, -1.17e-06, 'b(GQ)']	[186.08732, -1.17e-06, 'b(AGG)']	[186.08732, -1.17e-06, 'y(AN)-H2O']	[186.08732, -1.17e-06, 'y(GQ)-H2O']	[186.08732, -1.17e-06, 'y(AGG)-H2O']	[186.08732, -1.17e-06, 'a(GSS)-H2O']
186.12476	186.12373	3138.8	25.5%	[186.1237, 2.865e-05, 'b(GK)']	[186.1237, 2.865e-05, 'a(NV)']	[186.1237, 2.865e-05, 'a(AAA)']	[186.1237, 2.865e-05, 'a(GGV)']	[186.1237, 2.865e-05, 'y(GK)-H2O']
187.07239	187.07135	2331.6	18.7%	[187.07133, 2.413e-05, 'b(AD)']	[187.07133, 2.413e-05, 'b(EG)']	[187.07133, 2.413e-05, 'y(AD)-H2O']	[187.07133, 2.413e-05, 'y(AN)-NH3']	[187.07133, 2.413e-05, 'y(EG)-H2O']	[187.07133, 2.413e-05, 'y(GQ)-NH3']	[187.07133, 2.413e-05, 'y(AGG)-NH3']	[187.07133, 2.413e-05, 'a(GSS)-NH3']
187.08765	187.08661	876.0	5.7%	[187.08659, 2.406e-05, 'IW+CO']	[187.08659, 2.406e-05, 'b(W)']	[187.08659, 2.406e-05, 'y(W)-H2O']	[187.08659, 2.406e-05, 'b(FG)-H2O']
187.10876	187.10772	4678.2	30.2%	[187.10772, 3.96e-06, 'y(AP)']	[187.10772, 3.96e-06, 'a(DV)']	[187.10772, 3.96e-06, 'b(SV)']	[187.10772, 3.96e-06, 'y(GK)-NH3']	[187.10772, 3.96e-06, 'y(SV)-H2O']
187.14516	187.14412	4216.8	29.1%	[187.1441, 2.378e-05, 'a(IT)']	[187.1441, 2.378e-05, 'a(LT)']
189.08805	189.087	1031.6	7.7%	[189.08698, 2.464e-05, 'a(DT)']	[189.08698, 2.464e-05, 'a(ES)']	[189.08698, 2.464e-05, 'b(ST)']	[189.08698, 2.464e-05, 'y(ST)-H2O']
191.11897	191.11791	992.4	6.9%	[191.11789, 2.524e-05, 'a(AF)']	[191.11789, 2.524e-05, 'b(KP)-H2O-NH3']	[191.11789, 2.524e-05, 'a(GPV)-H2O-NH3']
192.0778	192.07673	5879.9	31.9%	[192.07675, -9.14e-06, 'b(AH)-NH3']	[192.07675, -9.14e-06, 'y(AH)-H2O-NH3']
193.0983	193.09723	876.9	7.4%	[193.09715, 8.624e-05, 'a(GY)']	[193.09715, 8.624e-05, 'b(IN)-H2O-NH3']	[193.09715, 8.624e-05, 'b(LN)-H2O-NH3']	[193.09715, 8.624e-05, 'b(QV)-H2O-NH3']	[193.09715, 8.624e-05, 'a(APS)-H2O-NH3']	[193.09715, 8.624e-05, 'b(AGV)-H2O-NH3']	[193.09715, 8.624e-05, 'a(GPT)-H2O-NH3']	[193.09715, 8.624e-05, 'b(GGI)-H2O-NH3']	[193.09715, 8.624e-05, 'b(GGL)-H2O-NH3']
195.07763	195.07655	1044.8	13.2%	[195.07642, 0.0001374, 'b(DP)-H2O']	[195.07642, 0.0001374, 'a(EQ)-H2O-NH3']	[195.07642, 0.0001374, 'b(NP)-NH3']	[195.07642, 0.0001374, 'y(NP)-H2O-NH3']	[195.07642, 0.0001374, 'b(QT)-H2O-NH3']	[195.07642, 0.0001374, 'a(AAD)-H2O-NH3']	[195.07642, 0.0001374, 'a(AEG)-H2O-NH3']	[195.07642, 0.0001374, 'b(AAS)-H2O-NH3']	[195.07642, 0.0001374, 'b(AGT)-H2O-NH3']	[195.07642, 0.0001374, 'b(GGP)-NH3']	[195.07642, 0.0001374, 'y(GGP)-H2O-NH3']
195.08875	195.08767	2212.9	23.0%	[195.08765, 2.735e-05, 'b(GH)']	[195.08765, 2.735e-05, 'y(GH)-H2O']
197.12959	197.1285	5346.3	46.5%	[197.12845, 5.839e-05, 'b(PV)']	[197.12845, 5.839e-05, 'a(EI)-H2O']	[197.12845, 5.839e-05, 'a(EL)-H2O']	[197.12845, 5.839e-05, 'a(IQ)-NH3']	[197.12845, 5.839e-05, 'b(IT)-H2O']	[197.12845, 5.839e-05, 'a(LQ)-NH3']	[197.12845, 5.839e-05, 'b(LT)-H2O']	[197.12845, 5.839e-05, 'y(PV)-H2O']	[197.12845, 5.839e-05, 'a(AAV)-NH3']	[197.12845, 5.839e-05, 'a(AGI)-NH3']	[197.12845, 5.839e-05, 'a(AGL)-NH3']
198.08843	198.08733	831.2	8.4%	[198.08732, 2.423e-05, 'a(DQ)-H2O']	[198.08732, 2.423e-05, 'a(EN)-H2O']	[198.08732, 2.423e-05, 'a(NQ)-NH3']	[198.08732, 2.423e-05, 'b(NT)-H2O']	[198.08732, 2.423e-05, 'b(QS)-H2O']	[198.08732, 2.423e-05, 'a(ADG)-H2O']	[198.08732, 2.423e-05, 'a(AGN)-NH3']	[198.08732, 2.423e-05, 'b(AGS)-H2O']	[198.08732, 2.423e-05, 'a(EGG)-H2O']	[198.08732, 2.423e-05, 'a(GGQ)-NH3']	[198.08732, 2.423e-05, 'b(GGT)-H2O']
199.07248	199.07138	1481.0	17.3%	[199.07133, 6.001e-05, 'a(DE)-H2O']	[199.07133, 6.001e-05, 'a(DQ)-NH3']	[199.07133, 6.001e-05, 'b(DT)-H2O']	[199.07133, 6.001e-05, 'a(EN)-NH3']	[199.07133, 6.001e-05, 'b(ES)-H2O']	[199.07133, 6.001e-05, 'b(NT)-NH3']	[199.07133, 6.001e-05, 'y(NT)-H2O-NH3']	[199.07133, 6.001e-05, 'b(QS)-NH3']	[199.07133, 6.001e-05, 'y(QS)-H2O-NH3']	[199.07133, 6.001e-05, 'a(ADG)-NH3']	[199.07133, 6.001e-05, 'b(AGS)-NH3']	[199.07133, 6.001e-05, 'y(AGS)-H2O-NH3']	[199.07133, 6.001e-05, 'a(EGG)-NH3']	[199.07133, 6.001e-05, 'b(GGT)-NH3']	[199.07133, 6.001e-05, 'y(GGT)-H2O-NH3']	[199.07133, 6.001e-05, 'a(SSS)-H2O-NH3']
199.10885	199.10775	1553.2	16.2%	[199.10772, 3.985e-05, 'a(EP)']	[199.10772, 3.985e-05, 'b(PT)']	[199.10772, 3.985e-05, 'a(DK)-NH3']	[199.10772, 3.985e-05, 'b(KS)-NH3']	[199.10772, 3.985e-05, 'y(KS)-H2O-NH3']	[199.10772, 3.985e-05, 'y(PT)-H2O']	[199.10772, 3.985e-05, 'a(AAT)-NH3']	[199.10772, 3.985e-05, 'a(GSV)-NH3']
199.14523	199.14413	4332.2	26.5%	[199.1441, 3.97e-05, 'b(VV)']	[199.1441, 3.97e-05, 'y(VV)-H2O']
199.18162	199.18052	3556.6	25.3%	[199.18049, 3.954e-05, 'a(II)']	[199.18049, 3.954e-05, 'a(IL)']	[199.18049, 3.954e-05, 'a(LL)']
200.10407	200.10296	1007.6	8.5%	[200.10297, 5.61e-06, 'b(AQ)']	[200.10297, 5.61e-06, 'b(AAG)']	[200.10297, 5.61e-06, 'y(AQ)-H2O']	[200.10297, 5.61e-06, 'a(ASS)-H2O']	[200.10297, 5.61e-06, 'y(AAG)-H2O']	[200.10297, 5.61e-06, 'a(GST)-H2O']
200.14045	200.13934	3124.8	25.3%	[200.13935, 5.46e-06, 'b(AK)']	[200.13935, 5.46e-06, 'a(IN)']	[200.13935, 5.46e-06, 'a(LN)']	[200.13935, 5.46e-06, 'a(QV)']	[200.13935, 5.46e-06, 'a(AGV)']	[200.13935, 5.46e-06, 'a(GGI)']	[200.13935, 5.46e-06, 'a(GGL)']	[200.13935, 5.46e-06, 'y(AK)-H2O']
201.08811	201.087	1523.1	14.0%	[201.08698, 3.146e-05, 'b(AE)']	[201.08698, 3.146e-05, 'y(AE)-H2O']	[201.08698, 3.146e-05, 'y(AQ)-NH3']	[201.08698, 3.146e-05, 'a(ASS)-NH3']	[201.08698, 3.146e-05, 'y(AAG)-NH3']	[201.08698, 3.146e-05, 'a(GST)-NH3']
201.1245	201.12339	11871.6	61.1%	[201.12337, 3.13e-05, 'a(DI)']	[201.12337, 3.13e-05, 'a(DL)']	[201.12337, 3.13e-05, 'a(EV)']	[201.12337, 3.13e-05, 'b(IS)']	[201.12337, 3.13e-05, 'b(LS)']	[201.12337, 3.13e-05, 'b(TV)']	[201.12337, 3.13e-05, 'y(AK)-NH3']	[201.12337, 3.13e-05, 'y(IS)-H2O']	[201.12337, 3.13e-05, 'y(LS)-H2O']	[201.12337, 3.13e-05, 'y(TV)-H2O']
202.08333	202.08221	639.6	5.6%	[202.08223, -2.71e-06, 'a(DN)']	[202.08223, -2.71e-06, 'b(NS)']	[202.08223, -2.71e-06, 'a(DGG)']	[202.08223, -2.71e-06, 'b(GGS)']	[202.08223, -2.71e-06, 'y(NS)-H2O']	[202.08223, -2.71e-06, 'y(GGS)-H2O']
202.12801	202.12689	485.4	6.6%
203.06737	203.06625	666.1	4.7%	[203.06625, 1.32e-05, 'a(DD)']	[203.06625, 1.32e-05, 'b(DS)']	[203.06625, 1.32e-05, 'y(DS)-H2O']	[203.06625, 1.32e-05, 'y(NS)-NH3']	[203.06625, 1.32e-05, 'y(GGS)-NH3']
203.08598	203.08486	498.5	3.6%	[203.08488, -6.87e-06, 'b(AM)']	[203.08488, -6.87e-06, 'b(CV)']	[203.08488, -6.87e-06, 'y(AM)-H2O']	[203.08488, -6.87e-06, 'y(CV)-H2O']	[203.08488, -6.87e-06, 'a(M[Oxidation]T)-H2O']
203.10373	203.10261	1372.6	15.0%	[203.10263, -6.95e-06, 'a(ET)']	[203.10263, -6.95e-06, 'y(PS)']	[203.10263, -6.95e-06, 'b(TT)']	[203.10263, -6.95e-06, 'y(TT)-H2O']
203.12234	203.12122	617.4	4.0%	[203.12126, -2.702e-05, 'a(MV)']
204.13545	204.13432	3850.4	29.3%	[204.13427, 6.881e-05, 'y(GK)']
205.09834	205.09721	780.8	5.9%	[205.09715, 7.488e-05, 'y(W)']	[205.09715, 7.488e-05, 'b(FG)']	[205.09715, 7.488e-05, 'y(FG)-H2O']	[205.09715, 7.488e-05, 'a(SY)-H2O']	[205.09715, 7.488e-05, 'b(AAP)-H2O-NH3']
207.11397	207.11283	3425.8	27.5%	[207.1128, 4.675e-05, 'a(AY)']	[207.1128, 4.675e-05, 'a(FS)']	[207.1128, 4.675e-05, 'b(IQ)-H2O-NH3']	[207.1128, 4.675e-05, 'b(LQ)-H2O-NH3']	[207.1128, 4.675e-05, 'a(APT)-H2O-NH3']	[207.1128, 4.675e-05, 'b(AAV)-H2O-NH3']	[207.1128, 4.675e-05, 'b(AGI)-H2O-NH3']	[207.1128, 4.675e-05, 'b(AGL)-H2O-NH3']	[207.1128, 4.675e-05, 'a(GPP)-NH3']
207.12508	207.12394	491.8	6.1%	[207.12404, -8.33e-05, 'a(HP)']
209.09336	209.09221	830.9	12.8%	[209.09207, 0.00015889, 'b(DK)-H2O-NH3']	[209.09207, 0.00015889, 'b(EP)-H2O']	[209.09207, 0.00015889, 'b(PQ)-NH3']	[209.09207, 0.00015889, 'y(PQ)-H2O-NH3']	[209.09207, 0.00015889, 'a(AAE)-H2O-NH3']	[209.09207, 0.00015889, 'b(AAT)-H2O-NH3']	[209.09207, 0.00015889, 'b(AGP)-NH3']	[209.09207, 0.00015889, 'y(AGP)-H2O-NH3']	[209.09207, 0.00015889, 'a(DGV)-H2O-NH3']	[209.09207, 0.00015889, 'b(GSV)-H2O-NH3']	[209.09207, 0.00015889, 'a(PSS)-H2O-NH3']
209.1044	209.10325	12580.0	58.4%	[209.1033, -3.115e-05, 'b(AH)']	[209.1033, -3.115e-05, 'y(AH)-H2O']	[209.1033, -3.115e-05, 'a(DR)-H2O-NH3']	[209.1033, -3.115e-05, 'b(RS)-H2O-NH3']
209.14076	209.13961	2377.5	21.4%	[209.13969, -6.13e-05, 'a(HV)']	[209.13969, -6.13e-05, 'a(PR)-NH3']
210.10811	210.10695	722.7	11.0%
211.1089	211.10774	780.8	10.9%	[211.10772, 4.101e-05, 'b(DI)-H2O']	[211.10772, 4.101e-05, 'b(DL)-H2O']	[211.10772, 4.101e-05, 'b(EV)-H2O']	[211.10772, 4.101e-05, 'b(IN)-NH3']	[211.10772, 4.101e-05, 'y(IN)-H2O-NH3']	[211.10772, 4.101e-05, 'b(LN)-NH3']	[211.10772, 4.101e-05, 'y(LN)-H2O-NH3']	[211.10772, 4.101e-05, 'b(QV)-NH3']	[211.10772, 4.101e-05, 'y(QV)-H2O-NH3']	[211.10772, 4.101e-05, 'a(APS)-NH3']	[211.10772, 4.101e-05, 'a(ATT)-H2O-NH3']	[211.10772, 4.101e-05, 'b(AGV)-NH3']	[211.10772, 4.101e-05, 'y(AGV)-H2O-NH3']	[211.10772, 4.101e-05, 'a(GPT)-NH3']	[211.10772, 4.101e-05, 'b(GGI)-NH3']	[211.10772, 4.101e-05, 'b(GGL)-NH3']	[211.10772, 4.101e-05, 'y(GGI)-H2O-NH3']	[211.10772, 4.101e-05, 'y(GGL)-H2O-NH3']	[211.10772, 4.101e-05, 'a(SSV)-H2O-NH3']
211.14525	211.14409	2162.6	19.7%	[211.1441, 1.087e-05, 'b(IP)']	[211.1441, 1.087e-05, 'b(LP)']	[211.1441, 1.087e-05, 'y(IP)-H2O']	[211.1441, 1.087e-05, 'b(KV)-NH3']	[211.1441, 1.087e-05, 'y(KV)-H2O-NH3']	[211.1441, 1.087e-05, 'y(LP)-H2O']	[211.1441, 1.087e-05, 'a(AAI)-NH3']	[211.1441, 1.087e-05, 'a(AAL)-NH3']	[211.1441, 1.087e-05, 'a(GVV)-NH3']
212.10408	212.10292	2887.2	28.5%	[212.10297, -3.283e-05, 'b(NP)']	[212.10297, -3.283e-05, 'b(GGP)']	[212.10297, -3.283e-05, 'a(EQ)-H2O']	[212.10297, -3.283e-05, 'y(NP)-H2O']	[212.10297, -3.283e-05, 'a(QQ)-NH3']	[212.10297, -3.283e-05, 'b(QT)-H2O']	[212.10297, -3.283e-05, 'a(AAD)-H2O']	[212.10297, -3.283e-05, 'a(AAN)-NH3']	[212.10297, -3.283e-05, 'a(AEG)-H2O']	[212.10297, -3.283e-05, 'a(AGQ)-NH3']	[212.10297, -3.283e-05, 'b(AAS)-H2O']	[212.10297, -3.283e-05, 'b(AGT)-H2O']	[212.10297, -3.283e-05, 'y(GGP)-H2O']
212.14044	212.13928	541.2	8.3%	[212.13935, -5.297e-05, 'a(AAP)']	[212.13935, -5.297e-05, 'a(EK)-H2O']	[212.13935, -5.297e-05, 'a(KQ)-NH3']	[212.13935, -5.297e-05, 'b(KT)-H2O']	[212.13935, -5.297e-05, 'a(AGK)-NH3']	[212.13935, -5.297e-05, 'a(ASV)-H2O']	[212.13935, -5.297e-05, 'a(GIS)-H2O']	[212.13935, -5.297e-05, 'a(GLS)-H2O']	[212.13935, -5.297e-05, 'a(GTV)-H2O']
213.08812	213.08695	1675.7	17.7%	[213.08698, -6.6e-06, 'b(DP)']	[213.08698, -6.6e-06, 'y(DP)-H2O']	[213.08698, -6.6e-06, 'a(EE)-H2O']	[213.08698, -6.6e-06, 'a(EQ)-NH3']	[213.08698, -6.6e-06, 'b(ET)-H2O']	[213.08698, -6.6e-06, 'y(NP)-NH3']	[213.08698, -6.6e-06, 'b(QT)-NH3']	[213.08698, -6.6e-06, 'y(QT)-H2O-NH3']	[213.08698, -6.6e-06, 'a(AAD)-NH3']	[213.08698, -6.6e-06, 'a(AEG)-NH3']	[213.08698, -6.6e-06, 'b(AAS)-NH3']	[213.08698, -6.6e-06, 'b(AGT)-NH3']	[213.08698, -6.6e-06, 'y(AAS)-H2O-NH3']	[213.08698, -6.6e-06, 'y(AGT)-H2O-NH3']	[213.08698, -6.6e-06, 'y(GGP)-NH3']	[213.08698, -6.6e-06, 'a(SST)-H2O-NH3']
213.16088	213.15971	2368.1	18.1%	[213.15975, -1.688e-05, 'b(IV)']	[213.15975, -1.688e-05, 'b(LV)']	[213.15975, -1.688e-05, 'y(IV)-H2O']	[213.15975, -1.688e-05, 'y(LV)-H2O']
214.09863	214.09746	2274.0	7.5%
214.11975	214.11858	1097.1	10.8%	[214.11862, -2.053e-05, 'b(NV)']	[214.11862, -2.053e-05, 'b(AAA)']	[214.11862, -2.053e-05, 'a(GPS)']	[214.11862, -2.053e-05, 'b(GGV)']	[214.11862, -2.053e-05, 'y(NV)-H2O']	[214.11862, -2.053e-05, 'a(AST)-H2O']	[214.11862, -2.053e-05, 'y(AAA)-H2O']	[214.11862, -2.053e-05, 'a(GTT)-H2O']	[214.11862, -2.053e-05, 'y(GGV)-H2O']
214.15611	214.15494	577.4	4.7%	[214.155, -4.067e-05, 'a(IQ)']	[214.155, -4.067e-05, 'a(LQ)']	[214.155, -4.067e-05, 'a(AAV)']	[214.155, -4.067e-05, 'a(AGI)']	[214.155, -4.067e-05, 'a(AGL)']
215.10386	215.10268	2933.8	20.2%	[215.10263, 7.575e-05, 'b(DV)']	[215.10263, 7.575e-05, 'y(DV)-H2O']	[215.10263, 7.575e-05, 'y(NV)-NH3']	[215.10263, 7.575e-05, 'a(AST)-NH3']	[215.10263, 7.575e-05, 'y(AAA)-NH3']	[215.10263, 7.575e-05, 'a(GTT)-NH3']	[215.10263, 7.575e-05, 'y(GGV)-NH3']
215.14021	215.13903	4580.9	39.9%	[215.13902, 3.561e-05, 'a(EI)']	[215.13902, 3.561e-05, 'a(EL)']	[215.13902, 3.561e-05, 'b(IT)']	[215.13902, 3.561e-05, 'b(LT)']	[215.13902, 3.561e-05, 'y(PV)']	[215.13902, 3.561e-05, 'y(IT)-H2O']	[215.13902, 3.561e-05, 'y(LT)-H2O']
216.08919	216.08801	949.4	2.8%
216.09906	216.09788	1270.0	12.4%	[216.09788, 2.201e-05, 'a(DQ)']	[216.09788, 2.201e-05, 'a(EN)']	[216.09788, 2.201e-05, 'b(NT)']	[216.09788, 2.201e-05, 'b(QS)']	[216.09788, 2.201e-05, 'a(ADG)']	[216.09788, 2.201e-05, 'b(AGS)']	[216.09788, 2.201e-05, 'a(EGG)']	[216.09788, 2.201e-05, 'b(GGT)']	[216.09788, 2.201e-05, 'y(NT)-H2O']	[216.09788, 2.201e-05, 'y(QS)-H2O']	[216.09788, 2.201e-05, 'y(AGS)-H2O']	[216.09788, 2.201e-05, 'y(GGT)-H2O']	[216.09788, 2.201e-05, 'a(SSS)-H2O']
216.13541	216.13423	487.1	4.9%	[216.13427, -1.812e-05, 'a(DK)']	[216.13427, -1.812e-05, 'b(KS)']	[216.13427, -1.812e-05, 'a(AAT)']	[216.13427, -1.812e-05, 'a(GSV)']	[216.13427, -1.812e-05, 'y(KS)-H2O']
217.08309	217.08191	1472.9	12.6%	[217.0819, 2.834e-05, 'a(DE)']	[217.0819, 2.834e-05, 'b(DT)']	[217.0819, 2.834e-05, 'b(ES)']	[217.0819, 2.834e-05, 'y(DT)-H2O']	[217.0819, 2.834e-05, 'y(ES)-H2O']	[217.0819, 2.834e-05, 'y(NT)-NH3']	[217.0819, 2.834e-05, 'y(QS)-NH3']	[217.0819, 2.834e-05, 'y(AGS)-NH3']	[217.0819, 2.834e-05, 'y(GGT)-NH3']	[217.0819, 2.834e-05, 'a(SSS)-NH3']	[217.08277, -0.00084166, 'a(MM)-H2O']
218.1511	218.14991	2791.3	19.2%	[218.14992, 1.439e-05, 'y(AK)']
219.08094	219.07975	477.7	4.5%	[219.07979, -1.903e-05, 'b(AM[Oxidation])']	[219.07979, -1.903e-05, 'y(CP)']	[219.07979, -1.903e-05, 'a(DM)']	[219.07979, -1.903e-05, 'b(MS)']	[219.07979, -1.903e-05, 'y(AM[Oxidation])-H2O']	[219.07979, -1.903e-05, 'y(MS)-H2O']
219.11399	219.1128	632.4	5.5%	[219.1128, 2.085e-05, 'b(AF)']	[219.1128, 2.085e-05, 'y(AF)-H2O']	[219.1128, 2.085e-05, 'a(TY)-H2O']	[219.1128, 2.085e-05, 'b(GPV)-H2O-NH3']	[219.1128, 2.085e-05, 'a(PPS)-H2O-NH3']
219.15038	219.14919	735.0	5.8%	[219.14919, 2.071e-05, 'a(FV)']	[219.14919, 2.071e-05, 'a(AIP)-H2O-NH3']	[219.14919, 2.071e-05, 'a(ALP)-H2O-NH3']
221.09326	221.09206	529.1	5.3%	[221.09207, 1.363e-05, 'b(GY)']	[221.09207, 1.363e-05, 'y(GY)-H2O']	[221.09207, 1.363e-05, 'a(ADP)-H2O-NH3']	[221.09207, 1.363e-05, 'b(APS)-H2O-NH3']	[221.09207, 1.363e-05, 'a(EGP)-H2O-NH3']	[221.09207, 1.363e-05, 'b(GPT)-H2O-NH3']
221.10447	221.10327	636.7	7.1%	[221.1033, -6.41e-06, 'a(EH)-H2O']	[221.1033, -6.41e-06, 'a(HQ)-NH3']	[221.1033, -6.41e-06, 'b(HT)-H2O']	[221.1033, -6.41e-06, 'a(AGH)-NH3']
221.12963	221.12843	774.4	5.5%	[221.12845, 3.5e-06, 'a(FT)']	[221.12845, 3.5e-06, 'a(APP)-NH3']	[221.12845, 3.5e-06, 'b(AAI)-H2O-NH3']	[221.12845, 3.5e-06, 'b(AAL)-H2O-NH3']	[221.12845, 3.5e-06, 'b(GVV)-H2O-NH3']	[221.12845, 3.5e-06, 'a(PSV)-H2O-NH3']
223.10889	223.10769	489.1	4.7%	[223.10772, -1.364e-05, 'y(FG)']	[223.10772, -1.364e-05, 'a(SY)']	[223.10772, -1.364e-05, 'b(EK)-H2O-NH3']	[223.10772, -1.364e-05, 'a(ADV)-H2O-NH3']	[223.10772, -1.364e-05, 'b(AAP)-NH3']	[223.10772, -1.364e-05, 'b(ASV)-H2O-NH3']	[223.10772, -1.364e-05, 'y(AAP)-H2O-NH3']	[223.10772, -1.364e-05, 'a(DGI)-H2O-NH3']	[223.10772, -1.364e-05, 'a(DGL)-H2O-NH3']	[223.10772, -1.364e-05, 'a(EGV)-H2O-NH3']	[223.10772, -1.364e-05, 'b(GIS)-H2O-NH3']	[223.10772, -1.364e-05, 'b(GLS)-H2O-NH3']	[223.10772, -1.364e-05, 'b(GTV)-H2O-NH3']	[223.10772, -1.364e-05, 'a(PST)-H2O-NH3']
223.15649	223.15529	1568.2	13.4%	[223.15534, -3.381e-05, 'a(HI)']	[223.15534, -3.381e-05, 'a(HL)']
225.09938	225.09817	1002.2	10.8%	[225.09822, -3.073e-05, 'a(DH)']	[225.09822, -3.073e-05, 'b(HS)']	[225.09822, -3.073e-05, 'y(HS)-H2O']	[225.09822, -3.073e-05, 'b(NQ)-H2O']	[225.09822, -3.073e-05, 'b(AGN)-H2O']	[225.09822, -3.073e-05, 'b(GGQ)-H2O']
225.12453	225.12332	1018.6	13.4%	[225.12337, -3.082e-05, 'b(EI)-H2O']	[225.12337, -3.082e-05, 'b(EL)-H2O']	[225.12337, -3.082e-05, 'b(IQ)-NH3']	[225.12337, -3.082e-05, 'y(IQ)-H2O-NH3']	[225.12337, -3.082e-05, 'b(LQ)-NH3']	[225.12337, -3.082e-05, 'y(LQ)-H2O-NH3']	[225.12337, -3.082e-05, 'a(APT)-NH3']	[225.12337, -3.082e-05, 'b(AAV)-NH3']	[225.12337, -3.082e-05, 'b(AGI)-NH3']	[225.12337, -3.082e-05, 'b(AGL)-NH3']	[225.12337, -3.082e-05, 'y(AAV)-H2O-NH3']	[225.12337, -3.082e-05, 'y(AGI)-H2O-NH3']	[225.12337, -3.082e-05, 'y(AGL)-H2O-NH3']	[225.12337, -3.082e-05, 'a(ISS)-H2O-NH3']	[225.12337, -3.082e-05, 'a(LSS)-H2O-NH3']	[225.12337, -3.082e-05, 'a(STV)-H2O-NH3']
226.08339	226.08218	818.2	9.2%	[226.08223, -3.422e-05, 'b(DQ)-H2O']	[226.08223, -3.422e-05, 'b(EN)-H2O']	[226.08223, -3.422e-05, 'y(HS)-NH3']	[226.08223, -3.422e-05, 'b(NQ)-NH3']	[226.08223, -3.422e-05, 'y(NQ)-H2O-NH3']	[226.08223, -3.422e-05, 'b(ADG)-H2O']	[226.08223, -3.422e-05, 'b(AGN)-NH3']	[226.08223, -3.422e-05, 'y(AGN)-H2O-NH3']	[226.08223, -3.422e-05, 'b(EGG)-H2O']	[226.08223, -3.422e-05, 'b(GGQ)-NH3']	[226.08223, -3.422e-05, 'y(GGQ)-H2O-NH3']	[226.08223, -3.422e-05, 'a(NSS)-H2O-NH3']
226.11975	226.11854	2548.1	27.9%	[226.11862, -6.434e-05, 'b(PQ)']	[226.11862, -6.434e-05, 'b(AGP)']	[226.11862, -6.434e-05, 'b(DK)-H2O']	[226.11862, -6.434e-05, 'b(KN)-NH3']	[226.11862, -6.434e-05, 'y(KN)-H2O-NH3']	[226.11862, -6.434e-05, 'y(PQ)-H2O']	[226.11862, -6.434e-05, 'a(AAE)-H2O']	[226.11862, -6.434e-05, 'a(AAQ)-NH3']	[226.11862, -6.434e-05, 'b(AAT)-H2O']	[226.11862, -6.434e-05, 'y(AGP)-H2O']	[226.11862, -6.434e-05, 'a(DGV)-H2O']	[226.11862, -6.434e-05, 'a(GNV)-NH3']	[226.11862, -6.434e-05, 'b(GGK)-NH3']	[226.11862, -6.434e-05, 'b(GSV)-H2O']	[226.11862, -6.434e-05, 'y(GGK)-H2O-NH3']	[226.11862, -6.434e-05, 'a(PSS)-H2O']
226.15616	226.15495	1541.7	15.3%	[226.155, -3.447e-05, 'b(KP)']	[226.155, -3.447e-05, 'a(GPV)']	[226.155, -3.447e-05, 'y(KP)-H2O']	[226.155, -3.447e-05, 'a(AAK)-NH3']	[226.155, -3.447e-05, 'a(AIS)-H2O']	[226.155, -3.447e-05, 'a(ALS)-H2O']	[226.155, -3.447e-05, 'a(ATV)-H2O']	[226.155, -3.447e-05, 'a(GIT)-H2O']	[226.155, -3.447e-05, 'a(GLT)-H2O']
227.10381	227.1026	1160.2	13.5%	[227.10263, -1.781e-05, 'b(EP)']	[227.10263, -1.781e-05, 'b(DK)-NH3']	[227.10263, -1.781e-05, 'y(DK)-H2O-NH3']	[227.10263, -1.781e-05, 'y(EP)-H2O']	[227.10263, -1.781e-05, 'y(PQ)-NH3']	[227.10263, -1.781e-05, 'a(AAE)-NH3']	[227.10263, -1.781e-05, 'b(AAT)-NH3']	[227.10263, -1.781e-05, 'y(AAT)-H2O-NH3']	[227.10263, -1.781e-05, 'y(AGP)-NH3']	[227.10263, -1.781e-05, 'a(DGV)-NH3']	[227.10263, -1.781e-05, 'b(GSV)-NH3']	[227.10263, -1.781e-05, 'y(GSV)-H2O-NH3']	[227.10263, -1.781e-05, 'a(PSS)-NH3']	[227.10263, -1.781e-05, 'a(STT)-H2O-NH3']
227.17658	227.17537	1574.8	13.7%	[227.1754, -1.807e-05, 'b(II)']	[227.1754, -1.807e-05, 'b(IL)']	[227.1754, -1.807e-05, 'b(LL)']	[227.1754, -1.807e-05, 'y(II)-H2O']	[227.1754, -1.807e-05, 'y(IL)-H2O']	[227.1754, -1.807e-05, 'y(LL)-H2O']
228.13547	228.13425	2513.9	26.4%	[228.13427, -1.43e-06, 'b(IN)']	[228.13427, -1.43e-06, 'b(LN)']	[228.13427, -1.43e-06, 'b(QV)']	[228.13427, -1.43e-06, 'a(APS)']	[228.13427, -1.43e-06, 'b(AGV)']	[228.13427, -1.43e-06, 'a(GPT)']	[228.13427, -1.43e-06, 'b(GGI)']	[228.13427, -1.43e-06, 'b(GGL)']	[228.13427, -1.43e-06, 'y(IN)-H2O']	[228.13427, -1.43e-06, 'y(LN)-H2O']	[228.13427, -1.43e-06, 'y(QV)-H2O']	[228.13427, -1.43e-06, 'a(ATT)-H2O']	[228.13427, -1.43e-06, 'y(AGV)-H2O']	[228.13427, -1.43e-06, 'a(GKS)-NH3']	[228.13427, -1.43e-06, 'y(GGI)-H2O']	[228.13427, -1.43e-06, 'y(GGL)-H2O']	[228.13427, -1.43e-06, 'a(SSV)-H2O']
229.11952	229.1183	3419.0	31.1%	[229.11828, 3.513e-05, 'b(DI)']	[229.11828, 3.513e-05, 'b(DL)']	[229.11828, 3.513e-05, 'b(EV)']	[229.11828, 3.513e-05, 'y(DI)-H2O']	[229.11828, 3.513e-05, 'y(DL)-H2O']	[229.11828, 3.513e-05, 'y(EV)-H2O']	[229.11828, 3.513e-05, 'y(IN)-NH3']	[229.11828, 3.513e-05, 'y(LN)-NH3']	[229.11828, 3.513e-05, 'y(QV)-NH3']	[229.11828, 3.513e-05, 'a(ATT)-NH3']	[229.11828, 3.513e-05, 'y(AGV)-NH3']	[229.11828, 3.513e-05, 'y(GGI)-NH3']	[229.11828, 3.513e-05, 'y(GGL)-NH3']	[229.11828, 3.513e-05, 'a(SSV)-NH3']
229.13082	229.1296	496.3	6.6%	[229.12952, 9.509e-05, 'a(QQ)']	[229.12952, 9.509e-05, 'a(AAN)']	[229.12952, 9.509e-05, 'a(AGQ)']	[229.12952, 9.509e-05, 'y(AR)-NH3']
230.07838	230.07716	622.3	4.9%	[230.07715, 2.18e-05, 'b(DN)']	[230.07715, 2.18e-05, 'b(DGG)']	[230.07715, 2.18e-05, 'y(DN)-H2O']	[230.07715, 2.18e-05, 'y(NN)-NH3']	[230.07715, 2.18e-05, 'y(DGG)-H2O']	[230.07715, 2.18e-05, 'y(GGN)-NH3']
230.11471	230.11349	617.7	7.6%	[230.11353, -2.833e-05, 'a(EQ)']	[230.11353, -2.833e-05, 'y(NP)']	[230.11353, -2.833e-05, 'b(QT)']	[230.11353, -2.833e-05, 'a(AAD)']	[230.11353, -2.833e-05, 'a(AEG)']	[230.11353, -2.833e-05, 'b(AAS)']	[230.11353, -2.833e-05, 'b(AGT)']	[230.11353, -2.833e-05, 'y(GGP)']	[230.11353, -2.833e-05, 'y(QT)-H2O']	[230.11353, -2.833e-05, 'y(AAS)-H2O']	[230.11353, -2.833e-05, 'y(AGT)-H2O']	[230.11353, -2.833e-05, 'a(SST)-H2O']
230.15113	230.14991	505.8	5.7%	[230.14992, 1.54e-06, 'a(EK)']	[230.14992, 1.54e-06, 'b(KT)']	[230.14992, 1.54e-06, 'a(ASV)']	[230.14992, 1.54e-06, 'a(GIS)']	[230.14992, 1.54e-06, 'a(GLS)']	[230.14992, 1.54e-06, 'a(GTV)']	[230.14992, 1.54e-06, 'y(KT)-H2O']
231.09879	231.09757	648.3	8.1%	[231.09755, 2.826e-05, 'y(DP)']	[231.09755, 2.826e-05, 'a(EE)']	[231.09755, 2.826e-05, 'b(ET)']	[231.09755, 2.826e-05, 'y(ET)-H2O']	[231.09755, 2.826e-05, 'y(QT)-NH3']	[231.09755, 2.826e-05, 'y(AAS)-NH3']	[231.09755, 2.826e-05, 'y(AGT)-NH3']	[231.09755, 2.826e-05, 'a(SST)-NH3']
231.11404	231.11282	588.1	5.8%	[231.1128, 2.82e-05, 'a(EF)-H2O']	[231.1128, 2.82e-05, 'a(FQ)-NH3']	[231.1128, 2.82e-05, 'b(FT)-H2O']	[231.1128, 2.82e-05, 'a(AFG)-NH3']	[231.1128, 2.82e-05, 'b(APP)-H2O-NH3']
232.14163	232.1404	1175.2	9.1%	[232.14042, -5.35e-06, 'y(GR)']
233.05862	233.05739	821.6	11.6%
233.16604	233.16481	1017.9	8.7%	[233.16484, -1.888e-05, 'a(FI)']	[233.16484, -1.888e-05, 'a(FL)']	[233.16484, -1.888e-05, 'a(PVV)-H2O-NH3']
234.1249	234.12367	476.4	5.3%	[234.1237, -2.218e-05, 'a(FN)']	[234.1237, -2.218e-05, 'a(FGG)']	[234.1237, -2.218e-05, 'b(HI)-NH3']	[234.1237, -2.218e-05, 'b(HL)-NH3']	[234.1237, -2.218e-05, 'y(HI)-H2O-NH3']	[234.1237, -2.218e-05, 'y(HL)-H2O-NH3']	[234.1237, -2.218e-05, 'a(APQ)-H2O-NH3']	[234.1237, -2.218e-05, 'b(GPP)-H2O']
234.14604	234.14481	1066.3	7.8%	[234.14483, -1.225e-05, 'y(KS)']
235.10885	235.10762	1654.0	16.7%	[235.10772, -9.555e-05, 'b(AY)']	[235.10772, -9.555e-05, 'a(DF)']	[235.10772, -9.555e-05, 'b(FS)']	[235.10772, -9.555e-05, 'y(AY)-H2O']	[235.10772, -9.555e-05, 'y(FS)-H2O']	[235.10772, -9.555e-05, 'a(AEP)-H2O-NH3']	[235.10772, -9.555e-05, 'b(APT)-H2O-NH3']	[235.10772, -9.555e-05, 'b(GPP)-NH3']	[235.10772, -9.555e-05, 'y(GPP)-H2O-NH3']
235.12021	235.11898	2971.0	27.3%	[235.11895, 3.441e-05, 'b(HP)']	[235.11895, 3.441e-05, 'y(HP)-H2O']	[235.11895, 3.441e-05, 'a(AAH)-NH3']
235.14532	235.14409	824.8	6.8%	[235.1441, -5.68e-06, 'a(VY)']	[235.1441, -5.68e-06, 'b(AVV)-H2O-NH3']	[235.1441, -5.68e-06, 'b(GIV)-H2O-NH3']	[235.1441, -5.68e-06, 'b(GLV)-H2O-NH3']	[235.1441, -5.68e-06, 'a(IPS)-H2O-NH3']	[235.1441, -5.68e-06, 'a(LPS)-H2O-NH3']	[235.1441, -5.68e-06, 'a(PTV)-H2O-NH3']
237.12449	237.12325	542.6	6.0%	[237.12337, -0.00011245, 'y(AF)']	[237.12337, -0.00011245, 'a(TY)']	[237.12337, -0.00011245, 'a(ADI)-H2O-NH3']	[237.12337, -0.00011245, 'a(ADL)-H2O-NH3']	[237.12337, -0.00011245, 'a(AEV)-H2O-NH3']	[237.12337, -0.00011245, 'b(AIS)-H2O-NH3']	[237.12337, -0.00011245, 'b(ALS)-H2O-NH3']	[237.12337, -0.00011245, 'b(ATV)-H2O-NH3']	[237.12337, -0.00011245, 'a(EGI)-H2O-NH3']	[237.12337, -0.00011245, 'a(EGL)-H2O-NH3']	[237.12337, -0.00011245, 'b(GIT)-H2O-NH3']	[237.12337, -0.00011245, 'b(GLT)-H2O-NH3']	[237.12337, -0.00011245, 'b(GPV)-NH3']	[237.12337, -0.00011245, 'y(GPV)-H2O-NH3']	[237.12337, -0.00011245, 'a(PPS)-NH3']	[237.12337, -0.00011245, 'a(PTT)-H2O-NH3']
237.13588	237.13464	2145.2	22.7%	[237.1346, 4.751e-05, 'b(HV)']	[237.1346, 4.751e-05, 'y(HV)-H2O']	[237.1346, 4.751e-05, 'b(PR)-NH3']	[237.1346, 4.751e-05, 'y(PR)-H2O-NH3']	[237.1346, 4.751e-05, 'a(ANP)-H2O']	[237.1346, 4.751e-05, 'a(GKN)-H2O-NH3']	[237.1346, 4.751e-05, 'a(GPQ)-H2O']
239.11513	239.11389	1244.1	14.4%	[239.11387, 2.076e-05, 'a(EH)']	[239.11387, 2.076e-05, 'b(HT)']	[239.11387, 2.076e-05, 'y(HT)-H2O']	[239.11387, 2.076e-05, 'b(QQ)-H2O']	[239.11387, 2.076e-05, 'b(AAN)-H2O']	[239.11387, 2.076e-05, 'b(AGQ)-H2O']
240.09911	240.09787	950.7	10.7%	[240.09788, -1.26e-05, 'b(EQ)-H2O']	[240.09788, -1.26e-05, 'y(HT)-NH3']	[240.09788, -1.26e-05, 'b(QQ)-NH3']	[240.09788, -1.26e-05, 'y(QQ)-H2O-NH3']	[240.09788, -1.26e-05, 'b(AAD)-H2O']	[240.09788, -1.26e-05, 'b(AAN)-NH3']	[240.09788, -1.26e-05, 'b(AEG)-H2O']	[240.09788, -1.26e-05, 'b(AGQ)-NH3']	[240.09788, -1.26e-05, 'y(AAN)-H2O-NH3']	[240.09788, -1.26e-05, 'y(AGQ)-H2O-NH3']	[240.09788, -1.26e-05, 'a(NST)-H2O-NH3']	[240.09788, -1.26e-05, 'a(QSS)-H2O-NH3']
240.13547	240.13423	1726.3	24.8%	[240.13427, -4.272e-05, 'b(AAP)']	[240.13427, -4.272e-05, 'b(EK)-H2O']	[240.13427, -4.272e-05, 'b(KQ)-NH3']	[240.13427, -4.272e-05, 'y(KQ)-H2O-NH3']	[240.13427, -4.272e-05, 'a(ADV)-H2O']	[240.13427, -4.272e-05, 'a(ANV)-NH3']	[240.13427, -4.272e-05, 'b(AGK)-NH3']	[240.13427, -4.272e-05, 'b(ASV)-H2O']	[240.13427, -4.272e-05, 'y(AAP)-H2O']	[240.13427, -4.272e-05, 'y(AGK)-H2O-NH3']	[240.13427, -4.272e-05, 'a(DGI)-H2O']	[240.13427, -4.272e-05, 'a(DGL)-H2O']	[240.13427, -4.272e-05, 'a(EGV)-H2O']	[240.13427, -4.272e-05, 'a(GIN)-NH3']	[240.13427, -4.272e-05, 'a(GLN)-NH3']	[240.13427, -4.272e-05, 'a(GQV)-NH3']	[240.13427, -4.272e-05, 'b(GIS)-H2O']	[240.13427, -4.272e-05, 'b(GLS)-H2O']	[240.13427, -4.272e-05, 'b(GTV)-H2O']	[240.13427, -4.272e-05, 'a(KSS)-H2O-NH3']	[240.13427, -4.272e-05, 'a(PST)-H2O']
241.08313	241.08188	613.3	7.1%	[241.0819, -1.595e-05, 'b(EE)-H2O']	[241.0819, -1.595e-05, 'b(EQ)-NH3']	[241.0819, -1.595e-05, 'y(EQ)-H2O-NH3']	[241.0819, -1.595e-05, 'b(AAD)-NH3']	[241.0819, -1.595e-05, 'b(AEG)-NH3']	[241.0819, -1.595e-05, 'y(AAD)-H2O-NH3']	[241.0819, -1.595e-05, 'y(AEG)-H2O-NH3']	[241.0819, -1.595e-05, 'a(DST)-H2O-NH3']	[241.0819, -1.595e-05, 'a(ESS)-H2O-NH3']	[241.0819, -1.595e-05, 'b(SST)-H2O-NH3']
242.15113	242.14988	1733.3	19.3%	[242.14992, -3.96e-05, 'b(IQ)']	[242.14992, -3.96e-05, 'b(LQ)']	[242.14992, -3.96e-05, 'a(APT)']	[242.14992, -3.96e-05, 'b(AAV)']	[242.14992, -3.96e-05, 'b(AGI)']	[242.14992, -3.96e-05, 'b(AGL)']	[242.14992, -3.96e-05, 'y(IQ)-H2O']	[242.14992, -3.96e-05, 'y(LQ)-H2O']	[242.14992, -3.96e-05, 'a(AKS)-NH3']	[242.14992, -3.96e-05, 'y(AAV)-H2O']	[242.14992, -3.96e-05, 'y(AGI)-H2O']	[242.14992, -3.96e-05, 'y(AGL)-H2O']	[242.14992, -3.96e-05, 'a(GKT)-NH3']	[242.14992, -3.96e-05, 'a(ISS)-H2O']	[242.14992, -3.96e-05, 'a(LSS)-H2O']	[242.14992, -3.96e-05, 'a(STV)-H2O']
242.18751	242.18626	643.1	9.0%	[242.1863, -3.972e-05, 'b(IK)']	[242.1863, -3.972e-05, 'b(KL)']	[242.1863, -3.972e-05, 'a(AVV)']	[242.1863, -3.972e-05, 'a(GIV)']	[242.1863, -3.972e-05, 'a(GLV)']	[242.1863, -3.972e-05, 'y(IK)-H2O']	[242.1863, -3.972e-05, 'y(KL)-H2O']
243.13522	243.13397	1478.0	17.1%	[243.13393, 3.705e-05, 'b(EI)']	[243.13393, 3.705e-05, 'b(EL)']	[243.13393, 3.705e-05, 'y(EI)-H2O']	[243.13393, 3.705e-05, 'y(EL)-H2O']	[243.13393, 3.705e-05, 'y(IQ)-NH3']	[243.13393, 3.705e-05, 'y(LQ)-NH3']	[243.13393, 3.705e-05, 'y(AAV)-NH3']	[243.13393, 3.705e-05, 'y(AGI)-NH3']	[243.13393, 3.705e-05, 'y(AGL)-NH3']	[243.13393, 3.705e-05, 'a(ISS)-NH3']	[243.13393, 3.705e-05, 'a(LSS)-NH3']	[243.13393, 3.705e-05, 'a(STV)-NH3']
244.09411	244.09286	1367.2	14.3%	[244.0928, 5.377e-05, 'b(DQ)']	[244.0928, 5.377e-05, 'b(EN)']	[244.0928, 5.377e-05, 'b(ADG)']	[244.0928, 5.377e-05, 'b(EGG)']	[244.0928, 5.377e-05, 'y(DQ)-H2O']	[244.0928, 5.377e-05, 'y(EN)-H2O']	[244.0928, 5.377e-05, 'y(NQ)-NH3']	[244.0928, 5.377e-05, 'y(ADG)-H2O']	[244.0928, 5.377e-05, 'y(AGN)-NH3']	[244.0928, 5.377e-05, 'a(DSS)-H2O']	[244.0928, 5.377e-05, 'y(EGG)-H2O']	[244.0928, 5.377e-05, 'y(GGQ)-NH3']	[244.0928, 5.377e-05, 'a(NSS)-NH3']	[244.0928, 5.377e-05, 'b(SSS)-H2O']
244.13043	244.12918	662.8	8.9%	[244.12918, -6.35e-06, 'b(DK)']	[244.12918, -6.35e-06, 'y(PQ)']	[244.12918, -6.35e-06, 'a(AAE)']	[244.12918, -6.35e-06, 'b(AAT)']	[244.12918, -6.35e-06, 'y(AGP)']	[244.12918, -6.35e-06, 'a(DGV)']	[244.12918, -6.35e-06, 'b(GSV)']	[244.12918, -6.35e-06, 'a(PSS)']	[244.12918, -6.35e-06, 'y(DK)-H2O']	[244.12918, -6.35e-06, 'y(KN)-NH3']	[244.12918, -6.35e-06, 'y(AAT)-H2O']	[244.12918, -6.35e-06, 'y(GGK)-NH3']	[244.12918, -6.35e-06, 'y(GSV)-H2O']	[244.12918, -6.35e-06, 'a(STT)-H2O']
244.16688	244.16563	3847.3	32.0%	[244.16557, 5.352e-05, 'y(KP)']	[244.16557, 5.352e-05, 'a(AIS)']	[244.16557, 5.352e-05, 'a(ALS)']	[244.16557, 5.352e-05, 'a(ATV)']	[244.16557, 5.352e-05, 'a(GIT)']	[244.16557, 5.352e-05, 'a(GLT)']
245.07813	245.07687	626.8	6.1%	[245.07681, 6.041e-05, 'b(DE)']	[245.07681, 6.041e-05, 'y(DE)-H2O']	[245.07681, 6.041e-05, 'y(DQ)-NH3']	[245.07681, 6.041e-05, 'y(EN)-NH3']	[245.07681, 6.041e-05, 'y(ADG)-NH3']	[245.07681, 6.041e-05, 'a(DSS)-NH3']	[245.07681, 6.041e-05, 'y(EGG)-NH3']	[245.07681, 6.041e-05, 'b(SSS)-NH3']	[245.07681, 6.041e-05, 'y(SSS)-H2O-NH3']	[245.07768, -0.00080959, 'b(MM)-H2O']
246.1574	246.15614	1297.3	12.9%	[246.15607, 6.671e-05, 'y(AR)']
246.18252	246.18126	1500.4	14.2%	[246.18122, 3.662e-05, 'y(KV)']
248.16182	248.16056	854.8	6.9%	[248.16048, 6.981e-05, 'y(KT)']
249.05353	249.05226	1626.2	21.5%
249.09954	249.09827	762.9	8.6%	[249.09822, 4.658e-05, 'b(EH)-H2O']	[249.09822, 4.658e-05, 'b(HQ)-NH3']	[249.09822, 4.658e-05, 'y(HQ)-H2O-NH3']	[249.09822, 4.658e-05, 'b(AGH)-NH3']	[249.09822, 4.658e-05, 'y(AGH)-H2O-NH3']	[249.09822, 4.658e-05, 'a(HSS)-H2O-NH3']
249.12465	249.12338	890.6	8.8%	[249.12337, 6.49e-06, 'a(EF)']	[249.12337, 6.49e-06, 'b(FT)']	[249.12337, 6.49e-06, 'y(FT)-H2O']	[249.12337, 6.49e-06, 'b(APP)-NH3']	[249.12337, 6.49e-06, 'y(APP)-H2O-NH3']	[249.12337, 6.49e-06, 'a(DPV)-H2O-NH3']	[249.12337, 6.49e-06, 'b(PSV)-H2O-NH3']
249.16107	249.1598	1037.1	9.1%	[249.15975, 4.636e-05, 'a(IY)']	[249.15975, 4.636e-05, 'a(LY)']	[249.15975, 4.636e-05, 'b(AIV)-H2O-NH3']	[249.15975, 4.636e-05, 'b(ALV)-H2O-NH3']	[249.15975, 4.636e-05, 'b(GII)-H2O-NH3']	[249.15975, 4.636e-05, 'b(GIL)-H2O-NH3']	[249.15975, 4.636e-05, 'b(GLL)-H2O-NH3']	[249.15975, 4.636e-05, 'a(IPT)-H2O-NH3']	[249.15975, 4.636e-05, 'a(LPT)-H2O-NH3']	[249.15975, 4.636e-05, 'a(PPV)-NH3']
251.06916	251.06789	5061.1	53.6%
251.10392	251.10265	647.5	6.0%	[251.10263, 9.62e-06, 'a(DY)']	[251.10263, 9.62e-06, 'b(SY)']	[251.10263, 9.62e-06, 'y(SY)-H2O']	[251.10263, 9.62e-06, 'b(ADV)-H2O-NH3']	[251.10263, 9.62e-06, 'a(DPT)-H2O-NH3']	[251.10263, 9.62e-06, 'b(DGI)-H2O-NH3']	[251.10263, 9.62e-06, 'b(DGL)-H2O-NH3']	[251.10263, 9.62e-06, 'a(EPS)-H2O-NH3']	[251.10263, 9.62e-06, 'b(EGV)-H2O-NH3']	[251.10263, 9.62e-06, 'b(PST)-H2O-NH3']
251.15157	251.1503	1721.4	19.1%	[251.15025, 3.945e-05, 'b(HI)']	[251.15025, 3.945e-05, 'b(HL)']	[251.15025, 3.945e-05, 'y(HI)-H2O']	[251.15025, 3.945e-05, 'y(HL)-H2O']	[251.15025, 3.945e-05, 'a(AKN)-H2O-NH3']	[251.15025, 3.945e-05, 'a(APQ)-H2O']	[251.15025, 3.945e-05, 'a(GKQ)-H2O-NH3']
252.06442	252.06315	2676.2	17.2%
252.07805	252.07678	1598.9	7.4%
252.11042	252.10915	532.9	5.1%	[252.10912, 1.611e-05, 'b(HN)']	[252.10912, 1.611e-05, 'b(GGH)']	[252.10912, 1.611e-05, 'y(HN)-H2O']	[252.10912, 1.611e-05, 'y(GGH)-H2O']
253.09445	253.09317	929.1	9.9%	[253.09313, 3.265e-05, 'b(DH)']	[253.09313, 3.265e-05, 'y(DH)-H2O']	[253.09313, 3.265e-05, 'y(HN)-NH3']	[253.09313, 3.265e-05, 'y(GGH)-NH3']	[253.09313, 3.265e-05, 'a(NNS)-H2O-NH3']
254.15114	254.14986	734.7	10.5%	[254.14992, -7.107e-05, 'b(GPV)']	[254.14992, -7.107e-05, 'a(PPS)']	[254.14992, -7.107e-05, 'a(ADI)-H2O']	[254.14992, -7.107e-05, 'a(ADL)-H2O']	[254.14992, -7.107e-05, 'a(AEV)-H2O']	[254.14992, -7.107e-05, 'a(AIN)-NH3']	[254.14992, -7.107e-05, 'a(ALN)-NH3']	[254.14992, -7.107e-05, 'a(AQV)-NH3']	[254.14992, -7.107e-05, 'b(AAK)-NH3']	[254.14992, -7.107e-05, 'b(AIS)-H2O']	[254.14992, -7.107e-05, 'b(ALS)-H2O']	[254.14992, -7.107e-05, 'b(ATV)-H2O']	[254.14992, -7.107e-05, 'y(AAK)-H2O-NH3']	[254.14992, -7.107e-05, 'a(EGI)-H2O']	[254.14992, -7.107e-05, 'a(EGL)-H2O']	[254.14992, -7.107e-05, 'a(GIQ)-NH3']	[254.14992, -7.107e-05, 'a(GLQ)-NH3']	[254.14992, -7.107e-05, 'b(GIT)-H2O']	[254.14992, -7.107e-05, 'b(GLT)-H2O']	[254.14992, -7.107e-05, 'y(GPV)-H2O']	[254.14992, -7.107e-05, 'a(KST)-H2O-NH3']	[254.14992, -7.107e-05, 'a(PTT)-H2O']
255.14649	255.14521	1378.6	18.0%	[255.14517, 2.54e-05, 'y(HV)']	[255.14517, 2.54e-05, 'a(ANP)']	[255.14517, 2.54e-05, 'a(GPQ)']	[255.14517, 2.54e-05, 'y(PR)-NH3']	[255.14517, 2.54e-05, 'a(AQT)-H2O']	[255.14517, 2.54e-05, 'a(DGK)-H2O']	[255.14517, 2.54e-05, 'a(GKN)-NH3']	[255.14517, 2.54e-05, 'b(GKS)-H2O']	[255.14517, 2.54e-05, 'a(NSV)-H2O']
258.10984	258.10855	622.3	8.2%	[258.10845, 8.48e-05, 'b(EQ)']	[258.10845, 8.48e-05, 'b(AAD)']	[258.10845, 8.48e-05, 'b(AEG)']	[258.10845, 8.48e-05, 'y(EQ)-H2O']	[258.10845, 8.48e-05, 'y(QQ)-NH3']	[258.10845, 8.48e-05, 'y(AAD)-H2O']	[258.10845, 8.48e-05, 'y(AAN)-NH3']	[258.10845, 8.48e-05, 'y(AEG)-H2O']	[258.10845, 8.48e-05, 'y(AGQ)-NH3']	[258.10845, 8.48e-05, 'a(DST)-H2O']	[258.10845, 8.48e-05, 'a(ESS)-H2O']	[258.10845, 8.48e-05, 'a(NST)-NH3']	[258.10845, 8.48e-05, 'a(QSS)-NH3']	[258.10845, 8.48e-05, 'b(SST)-H2O']
258.14619	258.1449	1705.5	22.3%	[258.14483, 5.467e-05, 'b(EK)']	[258.14483, 5.467e-05, 'a(ADV)']	[258.14483, 5.467e-05, 'b(ASV)']	[258.14483, 5.467e-05, 'y(AAP)']	[258.14483, 5.467e-05, 'a(DGI)']	[258.14483, 5.467e-05, 'a(DGL)']	[258.14483, 5.467e-05, 'a(EGV)']	[258.14483, 5.467e-05, 'b(GIS)']	[258.14483, 5.467e-05, 'b(GLS)']	[258.14483, 5.467e-05, 'b(GTV)']	[258.14483, 5.467e-05, 'a(PST)']	[258.14483, 5.467e-05, 'y(EK)-H2O']	[258.14483, 5.467e-05, 'y(KQ)-NH3']	[258.14483, 5.467e-05, 'y(AGK)-NH3']	[258.14483, 5.467e-05, 'y(ASV)-H2O']	[258.14483, 5.467e-05, 'y(GIS)-H2O']	[258.14483, 5.467e-05, 'y(GLS)-H2O']	[258.14483, 5.467e-05, 'y(GTV)-H2O']	[258.14483, 5.467e-05, 'a(KSS)-NH3']	[258.14483, 5.467e-05, 'a(TTT)-H2O']
260.19823	260.19693	2548.6	26.1%	[260.19687, 4.723e-05, 'y(IK)']	[260.19687, 4.723e-05, 'y(KL)']
261.1279	261.1266	729.0	17.2%	[261.12674, -0.00015617, 'b(IM[Oxidation])']	[261.12674, -0.00015617, 'b(LM[Oxidation])']	[261.12674, -0.00015617, 'y(IM[Oxidation])-H2O']	[261.12674, -0.00015617, 'y(KM)-NH3']	[261.12674, -0.00015617, 'y(LM[Oxidation])-H2O']
261.15711	261.15581	1373.6	10.2%	[261.15573, 6.373e-05, 'y(KN)']	[261.15573, 6.373e-05, 'y(GGK)']
262.14111	262.13981	945.2	6.7%	[262.13975, 4.011e-05, 'y(DK)']	[262.13975, 4.011e-05, 'y(AAT)']	[262.13975, 4.011e-05, 'y(GSV)']	[262.13975, 4.011e-05, 'a(STT)']
267.11009	267.10877	757.5	8.3%	[267.10878, -2.841e-05, 'b(EH)']	[267.10878, -2.841e-05, 'y(EH)-H2O']	[267.10878, -2.841e-05, 'y(HQ)-NH3']	[267.10878, -2.841e-05, 'y(AGH)-NH3']	[267.10878, -2.841e-05, 'a(HSS)-NH3']	[267.10878, -2.841e-05, 'a(NNT)-H2O-NH3']	[267.10878, -2.841e-05, 'a(NQS)-H2O-NH3']
272.17308	272.17174	2152.4	25.5%	[272.17172, 2.2e-06, 'y(PR)']	[272.17172, 2.2e-06, 'a(GKN)']
273.13595	273.1346	708.0	7.5%	[273.1346, -1.154e-05, 'a(HY)']	[273.1346, -1.154e-05, 'a(NW)']	[273.1346, -1.154e-05, 'a(GGW)']	[273.1346, -1.154e-05, 'b(AHV)-H2O-NH3']	[273.1346, -1.154e-05, 'a(FGN)-H2O']	[273.1346, -1.154e-05, 'b(GHI)-H2O-NH3']	[273.1346, -1.154e-05, 'b(GHL)-H2O-NH3']	[273.1346, -1.154e-05, 'a(HPT)-H2O-NH3']
274.18871	274.18736	1012.9	9.3%	[274.18737, -2.566e-05, 'y(RV)']
276.15671	276.15535	576.8	6.8%	[276.1554, -6.342e-05, 'y(EK)']	[276.1554, -6.342e-05, 'y(ASV)']	[276.1554, -6.342e-05, 'y(GIS)']	[276.1554, -6.342e-05, 'y(GLS)']	[276.1554, -6.342e-05, 'y(GTV)']	[276.1554, -6.342e-05, 'a(TTT)']
276.16817	276.16681	712.4	7.1%	[276.16663, 0.00016654, 'y(RT)']
282.18259	282.1812	764.3	12.2%	[282.18122, -2.769e-05, 'b(AIP)']	[282.18122, -2.769e-05, 'b(ALP)']	[282.18122, -2.769e-05, 'b(AKV)-NH3']	[282.18122, -2.769e-05, 'y(AIP)-H2O']	[282.18122, -2.769e-05, 'y(AKV)-H2O-NH3']	[282.18122, -2.769e-05, 'y(ALP)-H2O']	[282.18122, -2.769e-05, 'a(DIV)-H2O']	[282.18122, -2.769e-05, 'a(DLV)-H2O']	[282.18122, -2.769e-05, 'a(EVV)-H2O']	[282.18122, -2.769e-05, 'b(GIK)-NH3']	[282.18122, -2.769e-05, 'b(GKL)-NH3']	[282.18122, -2.769e-05, 'y(GIK)-H2O-NH3']	[282.18122, -2.769e-05, 'y(GKL)-H2O-NH3']	[282.18122, -2.769e-05, 'a(INV)-NH3']	[282.18122, -2.769e-05, 'b(ISV)-H2O']	[282.18122, -2.769e-05, 'a(KPT)-NH3']	[282.18122, -2.769e-05, 'a(LNV)-NH3']	[282.18122, -2.769e-05, 'b(LSV)-H2O']	[282.18122, -2.769e-05, 'a(QVV)-NH3']	[282.18122, -2.769e-05, 'b(TVV)-H2O']
285.1571	285.1557	483.9	6.2%	[285.15573, -3.996e-05, 'b(ANV)']	[285.15573, -3.996e-05, 'b(GIN)']	[285.15573, -3.996e-05, 'b(GLN)']	[285.15573, -3.996e-05, 'b(GQV)']	[285.15573, -3.996e-05, 'a(NPT)']	[285.15573, -3.996e-05, 'a(PQS)']	[285.15573, -3.996e-05, 'y(ANV)-H2O']	[285.15573, -3.996e-05, 'a(DKS)-H2O']	[285.15573, -3.996e-05, 'y(GIN)-H2O']	[285.15573, -3.996e-05, 'y(GLN)-H2O']	[285.15573, -3.996e-05, 'y(GQV)-H2O']	[285.15573, -3.996e-05, 'a(KNS)-NH3']	[285.15573, -3.996e-05, 'b(KSS)-H2O']	[285.15573, -3.996e-05, 'a(QTT)-H2O']
286.14106	286.13966	756.9	12.8%	[286.13975, -0.00010406, 'b(ADV)']	[286.13975, -0.00010406, 'a(DPT)']	[286.13975, -0.00010406, 'b(DGI)']	[286.13975, -0.00010406, 'b(DGL)']	[286.13975, -0.00010406, 'a(EPS)']	[286.13975, -0.00010406, 'b(EGV)']	[286.13975, -0.00010406, 'b(PST)']	[286.13975, -0.00010406, 'y(ADV)-H2O']	[286.13975, -0.00010406, 'y(ANV)-NH3']	[286.13975, -0.00010406, 'a(DKS)-NH3']	[286.13975, -0.00010406, 'y(DGI)-H2O']	[286.13975, -0.00010406, 'y(DGL)-H2O']	[286.13975, -0.00010406, 'a(ETT)-H2O']	[286.13975, -0.00010406, 'y(EGV)-H2O']	[286.13975, -0.00010406, 'y(GIN)-NH3']	[286.13975, -0.00010406, 'y(GLN)-NH3']	[286.13975, -0.00010406, 'y(GQV)-NH3']	[286.13975, -0.00010406, 'b(KSS)-NH3']	[286.13975, -0.00010406, 'y(KSS)-H2O-NH3']	[286.13975, -0.00010406, 'y(PST)-H2O']	[286.13975, -0.00010406, 'a(QTT)-NH3']	[286.13975, -0.00010406, 'b(TTT)-H2O']
288.20441	288.203	2033.8	23.2%	[288.20302, -3.274e-05, 'y(IR)']	[288.20302, -3.274e-05, 'y(LR)']
294.1827	294.18126	633.2	6.4%	[294.18122, 3.158e-05, 'y(FK)']	[294.18122, 3.158e-05, 'b(PPV)']	[294.18122, 3.158e-05, 'a(DIK)-H2O-NH3']	[294.18122, 3.158e-05, 'a(DKL)-H2O-NH3']	[294.18122, 3.158e-05, 'a(EIP)-H2O']	[294.18122, 3.158e-05, 'a(EKV)-H2O-NH3']	[294.18122, 3.158e-05, 'a(ELP)-H2O']	[294.18122, 3.158e-05, 'a(IPQ)-NH3']	[294.18122, 3.158e-05, 'b(IKS)-H2O-NH3']	[294.18122, 3.158e-05, 'b(IPT)-H2O']	[294.18122, 3.158e-05, 'b(KLS)-H2O-NH3']	[294.18122, 3.158e-05, 'b(KTV)-H2O-NH3']	[294.18122, 3.158e-05, 'a(LPQ)-NH3']	[294.18122, 3.158e-05, 'b(LPT)-H2O']	[294.18122, 3.158e-05, 'y(PPV)-H2O']
299.17286	299.17139	481.1	8.1%	[299.17138, 9.51e-06, 'b(AIN)']	[299.17138, 9.51e-06, 'b(ALN)']	[299.17138, 9.51e-06, 'b(AQV)']	[299.17138, 9.51e-06, 'b(GIQ)']	[299.17138, 9.51e-06, 'b(GLQ)']	[299.17138, 9.51e-06, 'a(PQT)']	[299.17138, 9.51e-06, 'y(AIN)-H2O']	[299.17138, 9.51e-06, 'y(ALN)-H2O']	[299.17138, 9.51e-06, 'y(AQV)-H2O']	[299.17138, 9.51e-06, 'a(DKT)-H2O']	[299.17138, 9.51e-06, 'a(EKS)-H2O']	[299.17138, 9.51e-06, 'y(GIQ)-H2O']	[299.17138, 9.51e-06, 'y(GLQ)-H2O']	[299.17138, 9.51e-06, 'a(KNT)-NH3']	[299.17138, 9.51e-06, 'a(KQS)-NH3']	[299.17138, 9.51e-06, 'b(KST)-H2O']
301.13105	301.12957	995.2	10.1%	[301.12952, 5.069e-05, 'b(HY)']	[301.12952, 5.069e-05, 'b(NW)']	[301.12952, 5.069e-05, 'b(GGW)']	[301.12952, 5.069e-05, 'y(HY)-H2O']	[301.12952, 5.069e-05, 'y(NW)-H2O']	[301.12952, 5.069e-05, 'a(EHP)-H2O-NH3']	[301.12952, 5.069e-05, 'b(FGN)-H2O']	[301.12952, 5.069e-05, 'y(GGW)-H2O']	[301.12952, 5.069e-05, 'b(HPT)-H2O-NH3']
301.18849	301.18701	2163.0	18.4%	[301.18703, -1.957e-05, 'a(AEK)']	[301.18703, -1.957e-05, 'b(AKT)']	[301.18703, -1.957e-05, 'y(GKP)']	[301.18703, -1.957e-05, 'a(INT)']	[301.18703, -1.957e-05, 'a(IQS)']	[301.18703, -1.957e-05, 'a(LNT)']	[301.18703, -1.957e-05, 'a(LQS)']	[301.18703, -1.957e-05, 'a(QTV)']	[301.18703, -1.957e-05, 'y(AKT)-H2O']
304.16302	304.16152	751.2	7.5%	[304.16155, -2.315e-05, 'y(ER)']
308.06571	308.06419	937.4	8.7%
308.17321	308.17169	3356.0	31.1%	[308.17172, -2.179e-05, 'b(AHV)']	[308.17172, -2.179e-05, 'b(GHI)']	[308.17172, -2.179e-05, 'b(GHL)']	[308.17172, -2.179e-05, 'a(HPT)']	[308.17172, -2.179e-05, 'b(APR)-NH3']	[308.17172, -2.179e-05, 'y(AHV)-H2O']	[308.17172, -2.179e-05, 'y(APR)-H2O-NH3']	[308.17172, -2.179e-05, 'a(DRV)-H2O-NH3']	[308.17172, -2.179e-05, 'y(GHI)-H2O']	[308.17172, -2.179e-05, 'y(GHL)-H2O']	[308.17172, -2.179e-05, 'a(HKS)-NH3']	[308.17172, -2.179e-05, 'a(KNQ)-H2O-NH3']	[308.17172, -2.179e-05, 'a(PQQ)-H2O']	[308.17172, -2.179e-05, 'b(RSV)-H2O-NH3']
312.16822	312.16668	540.2	10.3%	[312.16663, 5.925e-05, 'y(GHV)']	[312.16663, 5.925e-05, 'a(HTT)']	[312.16663, 5.925e-05, 'a(NPQ)']	[312.16663, 5.925e-05, 'a(AER)-NH3']	[312.16663, 5.925e-05, 'b(ART)-NH3']	[312.16663, 5.925e-05, 'y(ART)-H2O-NH3']	[312.16663, 5.925e-05, 'a(DKN)-H2O']	[312.16663, 5.925e-05, 'y(GPR)-NH3']	[312.16663, 5.925e-05, 'a(KNN)-NH3']	[312.16663, 5.925e-05, 'b(KNS)-H2O']	[312.16663, 5.925e-05, 'a(QQT)-H2O']
322.18901	322.18742	517.2	6.8%	[322.18737, 6.003e-05, 'y(FR)']	[322.18737, 6.003e-05, 'b(AHI)']	[322.18737, 6.003e-05, 'b(AHL)']	[322.18737, 6.003e-05, 'y(AHI)-H2O']	[322.18737, 6.003e-05, 'y(AHL)-H2O']	[322.18737, 6.003e-05, 'a(DIR)-H2O-NH3']	[322.18737, 6.003e-05, 'a(DLR)-H2O-NH3']	[322.18737, 6.003e-05, 'a(ERV)-H2O-NH3']	[322.18737, 6.003e-05, 'a(HKT)-NH3']	[322.18737, 6.003e-05, 'b(IRS)-H2O-NH3']	[322.18737, 6.003e-05, 'a(KQQ)-H2O-NH3']	[322.18737, 6.003e-05, 'b(KNP)-H2O']	[322.18737, 6.003e-05, 'b(LRS)-H2O-NH3']	[322.18737, 6.003e-05, 'b(RTV)-H2O-NH3']
328.1883	328.18667	1008.7	9.7%	[328.1867, -1.036e-05, 'b(DIV)']	[328.1867, -1.036e-05, 'b(DLV)']	[328.1867, -1.036e-05, 'b(EVV)']	[328.1867, -1.036e-05, 'y(DIV)-H2O']	[328.1867, -1.036e-05, 'y(DLV)-H2O']	[328.1867, -1.036e-05, 'y(EVV)-H2O']	[328.1867, -1.036e-05, 'y(INV)-NH3']	[328.1867, -1.036e-05, 'y(KPT)-NH3']	[328.1867, -1.036e-05, 'y(LNV)-NH3']	[328.1867, -1.036e-05, 'y(QVV)-NH3']	[328.18803, -0.00134036, 'a(HHV)-H2O']	[328.18803, -0.00134036, 'a(HPR)-H2O-NH3']
329.19489	329.19326	1531.9	21.5%	[329.19318, 9.449e-05, 'a(AER)']	[329.19318, 9.449e-05, 'b(ART)']	[329.19318, 9.449e-05, 'y(GPR)']	[329.19318, 9.449e-05, 'a(KNN)']	[329.19318, 9.449e-05, 'y(ART)-H2O']
330.06136	330.05973	527.3	7.3%
359.24189	359.24013	723.6	8.2%	[359.24013, -9.08e-06, 'y(AIR)']	[359.24013, -9.08e-06, 'y(ALR)']
361.20004	361.19827	568.1	7.4%	[361.19827, -8.64e-06, 'y(RW)']	[361.19827, -8.64e-06, 'b(FGR)']	[361.19827, -8.64e-06, 'y(FGR)-H2O']	[361.19827, -8.64e-06, 'b(HIQ)-H2O']	[361.19827, -8.64e-06, 'b(HLQ)-H2O']	[361.19827, -8.64e-06, 'a(RSY)-H2O']
